Kod;Wskaźniki;Rok;Wartosc;Jednostka miary
0;ludność na 1 km2;2002;122;osoba
0;ludność na 1 km2;2003;122;osoba
0;ludność na 1 km2;2004;122;osoba
0;ludność na 1 km2;2005;122;osoba
0;ludność na 1 km2;2006;122;osoba
0;ludność na 1 km2;2007;122;osoba
0;ludność na 1 km2;2008;122;osoba
0;ludność na 1 km2;2009;122;osoba
0;ludność na 1 km2;2010;123;osoba
0;ludność na 1 km2;2011;123;osoba
0;ludność na 1 km2;2012;123;osoba
0;ludność na 1 km2;2013;123;osoba
0;ludność na 1 km2;2014;123;osoba
0;ludność na 1 km2;2015;123;osoba
0;gęstość zaludnienia powierzchni zabudowanej i zurbanizowanej (osoby/km2);2002;;osoba
0;gęstość zaludnienia powierzchni zabudowanej i zurbanizowanej (osoby/km2);2003;2629;osoba
0;gęstość zaludnienia powierzchni zabudowanej i zurbanizowanej (osoby/km2);2004;2619;osoba
0;gęstość zaludnienia powierzchni zabudowanej i zurbanizowanej (osoby/km2);2005;2586;osoba
0;gęstość zaludnienia powierzchni zabudowanej i zurbanizowanej (osoby/km2);2006;2558;osoba
0;gęstość zaludnienia powierzchni zabudowanej i zurbanizowanej (osoby/km2);2007;2551;osoba
0;gęstość zaludnienia powierzchni zabudowanej i zurbanizowanej (osoby/km2);2008;2523;osoba
0;gęstość zaludnienia powierzchni zabudowanej i zurbanizowanej (osoby/km2);2009;2495;osoba
0;gęstość zaludnienia powierzchni zabudowanej i zurbanizowanej (osoby/km2);2010;2485;osoba
0;gęstość zaludnienia powierzchni zabudowanej i zurbanizowanej (osoby/km2);2011;2450;osoba
0;gęstość zaludnienia powierzchni zabudowanej i zurbanizowanej (osoby/km2);2012;2424;osoba
0;gęstość zaludnienia powierzchni zabudowanej i zurbanizowanej (osoby/km2);2013;2387;osoba
0;gęstość zaludnienia powierzchni zabudowanej i zurbanizowanej (osoby/km2);2014;2354;osoba
0;gęstość zaludnienia powierzchni zabudowanej i zurbanizowanej (osoby/km2);2015;;osoba
0;zmiana liczby ludności na 1000 mieszkańców;2002;;osoba
0;zmiana liczby ludności na 1000 mieszkańców;2003;-0,7;osoba
0;zmiana liczby ludności na 1000 mieszkańców;2004;-0,4;osoba
0;zmiana liczby ludności na 1000 mieszkańców;2005;-0,4;osoba
0;zmiana liczby ludności na 1000 mieszkańców;2006;-0,8;osoba
0;zmiana liczby ludności na 1000 mieszkańców;2007;-0,3;osoba
0;zmiana liczby ludności na 1000 mieszkańców;2008;0,5;osoba
0;zmiana liczby ludności na 1000 mieszkańców;2009;0,8;osoba
0;zmiana liczby ludności na 1000 mieszkańców;2010;9,4;osoba
0;zmiana liczby ludności na 1000 mieszkańców;2011;0,2;osoba
0;zmiana liczby ludności na 1000 mieszkańców;2012;-0,1;osoba
0;zmiana liczby ludności na 1000 mieszkańców;2013;-1;osoba
0;zmiana liczby ludności na 1000 mieszkańców;2014;-0,4;osoba
0;zmiana liczby ludności na 1000 mieszkańców;2015;-1,1;osoba
1100000000;ludność na 1 km2;2002;143;osoba
1100000000;ludność na 1 km2;2003;143;osoba
1100000000;ludność na 1 km2;2004;142;osoba
1100000000;ludność na 1 km2;2005;141;osoba
1100000000;ludność na 1 km2;2006;141;osoba
1100000000;ludność na 1 km2;2007;140;osoba
1100000000;ludność na 1 km2;2008;140;osoba
1100000000;ludność na 1 km2;2009;140;osoba
1100000000;ludność na 1 km2;2010;140;osoba
1100000000;ludność na 1 km2;2011;139;osoba
1100000000;ludność na 1 km2;2012;139;osoba
1100000000;ludność na 1 km2;2013;138;osoba
1100000000;ludność na 1 km2;2014;137;osoba
1100000000;ludność na 1 km2;2015;137;osoba
1100000000;gęstość zaludnienia powierzchni zabudowanej i zurbanizowanej (osoby/km2);2002;;osoba
1100000000;gęstość zaludnienia powierzchni zabudowanej i zurbanizowanej (osoby/km2);2003;3044;osoba
1100000000;gęstość zaludnienia powierzchni zabudowanej i zurbanizowanej (osoby/km2);2004;2975;osoba
1100000000;gęstość zaludnienia powierzchni zabudowanej i zurbanizowanej (osoby/km2);2005;2902;osoba
1100000000;gęstość zaludnienia powierzchni zabudowanej i zurbanizowanej (osoby/km2);2006;2878;osoba
1100000000;gęstość zaludnienia powierzchni zabudowanej i zurbanizowanej (osoby/km2);2007;2847;osoba
1100000000;gęstość zaludnienia powierzchni zabudowanej i zurbanizowanej (osoby/km2);2008;2822;osoba
1100000000;gęstość zaludnienia powierzchni zabudowanej i zurbanizowanej (osoby/km2);2009;2760;osoba
1100000000;gęstość zaludnienia powierzchni zabudowanej i zurbanizowanej (osoby/km2);2010;2729;osoba
1100000000;gęstość zaludnienia powierzchni zabudowanej i zurbanizowanej (osoby/km2);2011;2710;osoba
1100000000;gęstość zaludnienia powierzchni zabudowanej i zurbanizowanej (osoby/km2);2012;2644;osoba
1100000000;gęstość zaludnienia powierzchni zabudowanej i zurbanizowanej (osoby/km2);2013;2576;osoba
1100000000;gęstość zaludnienia powierzchni zabudowanej i zurbanizowanej (osoby/km2);2014;2510;osoba
1100000000;gęstość zaludnienia powierzchni zabudowanej i zurbanizowanej (osoby/km2);2015;;osoba
1100000000;zmiana liczby ludności na 1000 mieszkańców;2002;;osoba
1100000000;zmiana liczby ludności na 1000 mieszkańców;2003;-4;osoba
1100000000;zmiana liczby ludności na 1000 mieszkańców;2004;-3,6;osoba
1100000000;zmiana liczby ludności na 1000 mieszkańców;2005;-4;osoba
1100000000;zmiana liczby ludności na 1000 mieszkańców;2006;-4,4;osoba
1100000000;zmiana liczby ludności na 1000 mieszkańców;2007;-4;osoba
1100000000;zmiana liczby ludności na 1000 mieszkańców;2008;-2,8;osoba
1100000000;zmiana liczby ludności na 1000 mieszkańców;2009;-2,8;osoba
1100000000;zmiana liczby ludności na 1000 mieszkańców;2010;0,2;osoba
1100000000;zmiana liczby ludności na 1000 mieszkańców;2011;-3,5;osoba
1100000000;zmiana liczby ludności na 1000 mieszkańców;2012;-3,6;osoba
1100000000;zmiana liczby ludności na 1000 mieszkańców;2013;-4,6;osoba
1100000000;zmiana liczby ludności na 1000 mieszkańców;2014;-3,6;osoba
1100000000;zmiana liczby ludności na 1000 mieszkańców;2015;-4,2;osoba
1140000000;ludność na 1 km2;2002;144;osoba
1140000000;ludność na 1 km2;2003;144;osoba
1140000000;ludność na 1 km2;2004;145;osoba
1140000000;ludność na 1 km2;2005;145;osoba
1140000000;ludność na 1 km2;2006;145;osoba
1140000000;ludność na 1 km2;2007;146;osoba
1140000000;ludność na 1 km2;2008;146;osoba
1140000000;ludność na 1 km2;2009;147;osoba
1140000000;ludność na 1 km2;2010;148;osoba
1140000000;ludność na 1 km2;2011;149;osoba
1140000000;ludność na 1 km2;2012;149;osoba
1140000000;ludność na 1 km2;2013;150;osoba
1140000000;ludność na 1 km2;2014;150;osoba
1140000000;ludność na 1 km2;2015;150;osoba
1140000000;gęstość zaludnienia powierzchni zabudowanej i zurbanizowanej (osoby/km2);2002;;osoba
1140000000;gęstość zaludnienia powierzchni zabudowanej i zurbanizowanej (osoby/km2);2003;3269;osoba
1140000000;gęstość zaludnienia powierzchni zabudowanej i zurbanizowanej (osoby/km2);2004;3236;osoba
1140000000;gęstość zaludnienia powierzchni zabudowanej i zurbanizowanej (osoby/km2);2005;3105;osoba
1140000000;gęstość zaludnienia powierzchni zabudowanej i zurbanizowanej (osoby/km2);2006;3013;osoba
1140000000;gęstość zaludnienia powierzchni zabudowanej i zurbanizowanej (osoby/km2);2007;2993;osoba
1140000000;gęstość zaludnienia powierzchni zabudowanej i zurbanizowanej (osoby/km2);2008;2944;osoba
1140000000;gęstość zaludnienia powierzchni zabudowanej i zurbanizowanej (osoby/km2);2009;2889;osoba
1140000000;gęstość zaludnienia powierzchni zabudowanej i zurbanizowanej (osoby/km2);2010;2846;osoba
1140000000;gęstość zaludnienia powierzchni zabudowanej i zurbanizowanej (osoby/km2);2011;2808;osoba
1140000000;gęstość zaludnienia powierzchni zabudowanej i zurbanizowanej (osoby/km2);2012;2787;osoba
1140000000;gęstość zaludnienia powierzchni zabudowanej i zurbanizowanej (osoby/km2);2013;2741;osoba
1140000000;gęstość zaludnienia powierzchni zabudowanej i zurbanizowanej (osoby/km2);2014;2680;osoba
1140000000;gęstość zaludnienia powierzchni zabudowanej i zurbanizowanej (osoby/km2);2015;;osoba
1140000000;zmiana liczby ludności na 1000 mieszkańców;2002;;osoba
1140000000;zmiana liczby ludności na 1000 mieszkańców;2003;1,4;osoba
1140000000;zmiana liczby ludności na 1000 mieszkańców;2004;2;osoba
1140000000;zmiana liczby ludności na 1000 mieszkańców;2005;2,3;osoba
1140000000;zmiana liczby ludności na 1000 mieszkańców;2006;2,7;osoba
1140000000;zmiana liczby ludności na 1000 mieszkańców;2007;3,2;osoba
1140000000;zmiana liczby ludności na 1000 mieszkańców;2008;3,1;osoba
1140000000;zmiana liczby ludności na 1000 mieszkańców;2009;3,4;osoba
1140000000;zmiana liczby ludności na 1000 mieszkańców;2010;8,5;osoba
1140000000;zmiana liczby ludności na 1000 mieszkańców;2011;3,5;osoba
1140000000;zmiana liczby ludności na 1000 mieszkańców;2012;3,1;osoba
1140000000;zmiana liczby ludności na 1000 mieszkańców;2013;2,8;osoba
1140000000;zmiana liczby ludności na 1000 mieszkańców;2014;3,3;osoba
1140000000;zmiana liczby ludności na 1000 mieszkańców;2015;2,7;osoba
2120000000;ludność na 1 km2;2002;214;osoba
2120000000;ludność na 1 km2;2003;214;osoba
2120000000;ludność na 1 km2;2004;215;osoba
2120000000;ludność na 1 km2;2005;215;osoba
2120000000;ludność na 1 km2;2006;215;osoba
2120000000;ludność na 1 km2;2007;216;osoba
2120000000;ludność na 1 km2;2008;217;osoba
2120000000;ludność na 1 km2;2009;217;osoba
2120000000;ludność na 1 km2;2010;220;osoba
2120000000;ludność na 1 km2;2011;220;osoba
2120000000;ludność na 1 km2;2012;221;osoba
2120000000;ludność na 1 km2;2013;221;osoba
2120000000;ludność na 1 km2;2014;222;osoba
2120000000;ludność na 1 km2;2015;222;osoba
2120000000;gęstość zaludnienia powierzchni zabudowanej i zurbanizowanej (osoby/km2);2002;;osoba
2120000000;gęstość zaludnienia powierzchni zabudowanej i zurbanizowanej (osoby/km2);2003;4348;osoba
2120000000;gęstość zaludnienia powierzchni zabudowanej i zurbanizowanej (osoby/km2);2004;4083;osoba
2120000000;gęstość zaludnienia powierzchni zabudowanej i zurbanizowanej (osoby/km2);2005;4275;osoba
2120000000;gęstość zaludnienia powierzchni zabudowanej i zurbanizowanej (osoby/km2);2006;4229;osoba
2120000000;gęstość zaludnienia powierzchni zabudowanej i zurbanizowanej (osoby/km2);2007;4174;osoba
2120000000;gęstość zaludnienia powierzchni zabudowanej i zurbanizowanej (osoby/km2);2008;4093;osoba
2120000000;gęstość zaludnienia powierzchni zabudowanej i zurbanizowanej (osoby/km2);2009;4005;osoba
2120000000;gęstość zaludnienia powierzchni zabudowanej i zurbanizowanej (osoby/km2);2010;3975;osoba
2120000000;gęstość zaludnienia powierzchni zabudowanej i zurbanizowanej (osoby/km2);2011;3852;osoba
2120000000;gęstość zaludnienia powierzchni zabudowanej i zurbanizowanej (osoby/km2);2012;3818;osoba
2120000000;gęstość zaludnienia powierzchni zabudowanej i zurbanizowanej (osoby/km2);2013;3726;osoba
2120000000;gęstość zaludnienia powierzchni zabudowanej i zurbanizowanej (osoby/km2);2014;3653;osoba
2120000000;gęstość zaludnienia powierzchni zabudowanej i zurbanizowanej (osoby/km2);2015;;osoba
2120000000;zmiana liczby ludności na 1000 mieszkańców;2002;;osoba
2120000000;zmiana liczby ludności na 1000 mieszkańców;2003;4,8;osoba
2120000000;zmiana liczby ludności na 1000 mieszkańców;2004;2,2;osoba
2120000000;zmiana liczby ludności na 1000 mieszkańców;2005;1,8;osoba
2120000000;zmiana liczby ludności na 1000 mieszkańców;2006;1,5;osoba
2120000000;zmiana liczby ludności na 1000 mieszkańców;2007;2,4;osoba
2120000000;zmiana liczby ludności na 1000 mieszkańców;2008;2,5;osoba
2120000000;zmiana liczby ludności na 1000 mieszkańców;2009;3,4;osoba
2120000000;zmiana liczby ludności na 1000 mieszkańców;2010;11,5;osoba
2120000000;zmiana liczby ludności na 1000 mieszkańców;2011;3;osoba
2120000000;zmiana liczby ludności na 1000 mieszkańców;2012;2,2;osoba
2120000000;zmiana liczby ludności na 1000 mieszkańców;2013;1,9;osoba
2120000000;zmiana liczby ludności na 1000 mieszkańców;2014;2,3;osoba
2120000000;zmiana liczby ludności na 1000 mieszkańców;2015;1,3;osoba
2240000000;ludność na 1 km2;2002;384;osoba
2240000000;ludność na 1 km2;2003;382;osoba
2240000000;ludność na 1 km2;2004;381;osoba
2240000000;ludność na 1 km2;2005;380;osoba
2240000000;ludność na 1 km2;2006;379;osoba
2240000000;ludność na 1 km2;2007;377;osoba
2240000000;ludność na 1 km2;2008;377;osoba
2240000000;ludność na 1 km2;2009;376;osoba
2240000000;ludność na 1 km2;2010;376;osoba
2240000000;ludność na 1 km2;2011;375;osoba
2240000000;ludność na 1 km2;2012;374;osoba
2240000000;ludność na 1 km2;2013;373;osoba
2240000000;ludność na 1 km2;2014;372;osoba
2240000000;ludność na 1 km2;2015;371;osoba
2240000000;gęstość zaludnienia powierzchni zabudowanej i zurbanizowanej (osoby/km2);2002;;osoba
2240000000;gęstość zaludnienia powierzchni zabudowanej i zurbanizowanej (osoby/km2);2003;4224;osoba
2240000000;gęstość zaludnienia powierzchni zabudowanej i zurbanizowanej (osoby/km2);2004;3887;osoba
2240000000;gęstość zaludnienia powierzchni zabudowanej i zurbanizowanej (osoby/km2);2005;3686;osoba
2240000000;gęstość zaludnienia powierzchni zabudowanej i zurbanizowanej (osoby/km2);2006;3544;osoba
2240000000;gęstość zaludnienia powierzchni zabudowanej i zurbanizowanej (osoby/km2);2007;3496;osoba
2240000000;gęstość zaludnienia powierzchni zabudowanej i zurbanizowanej (osoby/km2);2008;3455;osoba
2240000000;gęstość zaludnienia powierzchni zabudowanej i zurbanizowanej (osoby/km2);2009;3358;osoba
2240000000;gęstość zaludnienia powierzchni zabudowanej i zurbanizowanej (osoby/km2);2010;3284;osoba
2240000000;gęstość zaludnienia powierzchni zabudowanej i zurbanizowanej (osoby/km2);2011;3185;osoba
2240000000;gęstość zaludnienia powierzchni zabudowanej i zurbanizowanej (osoby/km2);2012;3130;osoba
2240000000;gęstość zaludnienia powierzchni zabudowanej i zurbanizowanej (osoby/km2);2013;3068;osoba
2240000000;gęstość zaludnienia powierzchni zabudowanej i zurbanizowanej (osoby/km2);2014;3010;osoba
2240000000;gęstość zaludnienia powierzchni zabudowanej i zurbanizowanej (osoby/km2);2015;;osoba
2240000000;zmiana liczby ludności na 1000 mieszkańców;2002;;osoba
2240000000;zmiana liczby ludności na 1000 mieszkańców;2003;-3,5;osoba
2240000000;zmiana liczby ludności na 1000 mieszkańców;2004;-3;osoba
2240000000;zmiana liczby ludności na 1000 mieszkańców;2005;-3,2;osoba
2240000000;zmiana liczby ludności na 1000 mieszkańców;2006;-3,6;osoba
2240000000;zmiana liczby ludności na 1000 mieszkańców;2007;-3,2;osoba
2240000000;zmiana liczby ludności na 1000 mieszkańców;2008;-1,8;osoba
2240000000;zmiana liczby ludności na 1000 mieszkańców;2009;-1,1;osoba
2240000000;zmiana liczby ludności na 1000 mieszkańców;2010;-1,2;osoba
2240000000;zmiana liczby ludności na 1000 mieszkańców;2011;-1,9;osoba
2240000000;zmiana liczby ludności na 1000 mieszkańców;2012;-2,3;osoba
2240000000;zmiana liczby ludności na 1000 mieszkańców;2013;-3,6;osoba
2240000000;zmiana liczby ludności na 1000 mieszkańców;2014;-2,9;osoba
2240000000;zmiana liczby ludności na 1000 mieszkańców;2015;-3,3;osoba
3060000000;ludność na 1 km2;2002;87;osoba
3060000000;ludność na 1 km2;2003;87;osoba
3060000000;ludność na 1 km2;2004;87;osoba
3060000000;ludność na 1 km2;2005;87;osoba
3060000000;ludność na 1 km2;2006;86;osoba
3060000000;ludność na 1 km2;2007;86;osoba
3060000000;ludność na 1 km2;2008;86;osoba
3060000000;ludność na 1 km2;2009;86;osoba
3060000000;ludność na 1 km2;2010;87;osoba
3060000000;ludność na 1 km2;2011;86;osoba
3060000000;ludność na 1 km2;2012;86;osoba
3060000000;ludność na 1 km2;2013;86;osoba
3060000000;ludność na 1 km2;2014;85;osoba
3060000000;ludność na 1 km2;2015;85;osoba
3060000000;gęstość zaludnienia powierzchni zabudowanej i zurbanizowanej (osoby/km2);2002;;osoba
3060000000;gęstość zaludnienia powierzchni zabudowanej i zurbanizowanej (osoby/km2);2003;2501;osoba
3060000000;gęstość zaludnienia powierzchni zabudowanej i zurbanizowanej (osoby/km2);2004;2474;osoba
3060000000;gęstość zaludnienia powierzchni zabudowanej i zurbanizowanej (osoby/km2);2005;2437;osoba
3060000000;gęstość zaludnienia powierzchni zabudowanej i zurbanizowanej (osoby/km2);2006;2507;osoba
3060000000;gęstość zaludnienia powierzchni zabudowanej i zurbanizowanej (osoby/km2);2007;2483;osoba
3060000000;gęstość zaludnienia powierzchni zabudowanej i zurbanizowanej (osoby/km2);2008;2462;osoba
3060000000;gęstość zaludnienia powierzchni zabudowanej i zurbanizowanej (osoby/km2);2009;2436;osoba
3060000000;gęstość zaludnienia powierzchni zabudowanej i zurbanizowanej (osoby/km2);2010;2430;osoba
3060000000;gęstość zaludnienia powierzchni zabudowanej i zurbanizowanej (osoby/km2);2011;2399;osoba
3060000000;gęstość zaludnienia powierzchni zabudowanej i zurbanizowanej (osoby/km2);2012;2346;osoba
3060000000;gęstość zaludnienia powierzchni zabudowanej i zurbanizowanej (osoby/km2);2013;2305;osoba
3060000000;gęstość zaludnienia powierzchni zabudowanej i zurbanizowanej (osoby/km2);2014;2280;osoba
3060000000;gęstość zaludnienia powierzchni zabudowanej i zurbanizowanej (osoby/km2);2015;;osoba
3060000000;zmiana liczby ludności na 1000 mieszkańców;2002;;osoba
3060000000;zmiana liczby ludności na 1000 mieszkańców;2003;-2,7;osoba
3060000000;zmiana liczby ludności na 1000 mieszkańców;2004;-2,7;osoba
3060000000;zmiana liczby ludności na 1000 mieszkańców;2005;-2,5;osoba
3060000000;zmiana liczby ludności na 1000 mieszkańców;2006;-3,1;osoba
3060000000;zmiana liczby ludności na 1000 mieszkańców;2007;-3;osoba
3060000000;zmiana liczby ludności na 1000 mieszkańców;2008;-2;osoba
3060000000;zmiana liczby ludności na 1000 mieszkańców;2009;-2,1;osoba
3060000000;zmiana liczby ludności na 1000 mieszkańców;2010;9,8;osoba
3060000000;zmiana liczby ludności na 1000 mieszkańców;2011;-3,1;osoba
3060000000;zmiana liczby ludności na 1000 mieszkańców;2012;-2,9;osoba
3060000000;zmiana liczby ludności na 1000 mieszkańców;2013;-4,4;osoba
3060000000;zmiana liczby ludności na 1000 mieszkańców;2014;-3,9;osoba
3060000000;zmiana liczby ludności na 1000 mieszkańców;2015;-3,7;osoba
3180000000;ludność na 1 km2;2002;117;osoba
3180000000;ludność na 1 km2;2003;118;osoba
3180000000;ludność na 1 km2;2004;118;osoba
3180000000;ludność na 1 km2;2005;118;osoba
3180000000;ludność na 1 km2;2006;118;osoba
3180000000;ludność na 1 km2;2007;118;osoba
3180000000;ludność na 1 km2;2008;118;osoba
3180000000;ludność na 1 km2;2009;118;osoba
3180000000;ludność na 1 km2;2010;119;osoba
3180000000;ludność na 1 km2;2011;119;osoba
3180000000;ludność na 1 km2;2012;119;osoba
3180000000;ludność na 1 km2;2013;119;osoba
3180000000;ludność na 1 km2;2014;119;osoba
3180000000;ludność na 1 km2;2015;119;osoba
3180000000;gęstość zaludnienia powierzchni zabudowanej i zurbanizowanej (osoby/km2);2002;;osoba
3180000000;gęstość zaludnienia powierzchni zabudowanej i zurbanizowanej (osoby/km2);2003;2795;osoba
3180000000;gęstość zaludnienia powierzchni zabudowanej i zurbanizowanej (osoby/km2);2004;2889;osoba
3180000000;gęstość zaludnienia powierzchni zabudowanej i zurbanizowanej (osoby/km2);2005;2858;osoba
3180000000;gęstość zaludnienia powierzchni zabudowanej i zurbanizowanej (osoby/km2);2006;2853;osoba
3180000000;gęstość zaludnienia powierzchni zabudowanej i zurbanizowanej (osoby/km2);2007;2837;osoba
3180000000;gęstość zaludnienia powierzchni zabudowanej i zurbanizowanej (osoby/km2);2008;2809;osoba
3180000000;gęstość zaludnienia powierzchni zabudowanej i zurbanizowanej (osoby/km2);2009;2805;osoba
3180000000;gęstość zaludnienia powierzchni zabudowanej i zurbanizowanej (osoby/km2);2010;2789;osoba
3180000000;gęstość zaludnienia powierzchni zabudowanej i zurbanizowanej (osoby/km2);2011;2746;osoba
3180000000;gęstość zaludnienia powierzchni zabudowanej i zurbanizowanej (osoby/km2);2012;2705;osoba
3180000000;gęstość zaludnienia powierzchni zabudowanej i zurbanizowanej (osoby/km2);2013;2667;osoba
3180000000;gęstość zaludnienia powierzchni zabudowanej i zurbanizowanej (osoby/km2);2014;2591;osoba
3180000000;gęstość zaludnienia powierzchni zabudowanej i zurbanizowanej (osoby/km2);2015;;osoba
3180000000;zmiana liczby ludności na 1000 mieszkańców;2002;;osoba
3180000000;zmiana liczby ludności na 1000 mieszkańców;2003;-3,7;osoba
3180000000;zmiana liczby ludności na 1000 mieszkańców;2004;0,3;osoba
3180000000;zmiana liczby ludności na 1000 mieszkańców;2005;0,1;osoba
3180000000;zmiana liczby ludności na 1000 mieszkańców;2006;-0,3;osoba
3180000000;zmiana liczby ludności na 1000 mieszkańców;2007;-0,1;osoba
3180000000;zmiana liczby ludności na 1000 mieszkańców;2008;1;osoba
3180000000;zmiana liczby ludności na 1000 mieszkańców;2009;1,1;osoba
3180000000;zmiana liczby ludności na 1000 mieszkańców;2010;12,3;osoba
3180000000;zmiana liczby ludności na 1000 mieszkańców;2011;0,3;osoba
3180000000;zmiana liczby ludności na 1000 mieszkańców;2012;0,6;osoba
3180000000;zmiana liczby ludności na 1000 mieszkańców;2013;-0,3;osoba
3180000000;zmiana liczby ludności na 1000 mieszkańców;2014;-0,1;osoba
3180000000;zmiana liczby ludności na 1000 mieszkańców;2015;-0,7;osoba
3200000000;ludność na 1 km2;2002;60;osoba
3200000000;ludność na 1 km2;2003;60;osoba
3200000000;ludność na 1 km2;2004;60;osoba
3200000000;ludność na 1 km2;2005;59;osoba
3200000000;ludność na 1 km2;2006;59;osoba
3200000000;ludność na 1 km2;2007;59;osoba
3200000000;ludność na 1 km2;2008;59;osoba
3200000000;ludność na 1 km2;2009;59;osoba
3200000000;ludność na 1 km2;2010;60;osoba
3200000000;ludność na 1 km2;2011;59;osoba
3200000000;ludność na 1 km2;2012;59;osoba
3200000000;ludność na 1 km2;2013;59;osoba
3200000000;ludność na 1 km2;2014;59;osoba
3200000000;ludność na 1 km2;2015;59;osoba
3200000000;gęstość zaludnienia powierzchni zabudowanej i zurbanizowanej (osoby/km2);2002;;osoba
3200000000;gęstość zaludnienia powierzchni zabudowanej i zurbanizowanej (osoby/km2);2003;1468;osoba
3200000000;gęstość zaludnienia powierzchni zabudowanej i zurbanizowanej (osoby/km2);2004;1643;osoba
3200000000;gęstość zaludnienia powierzchni zabudowanej i zurbanizowanej (osoby/km2);2005;1643;osoba
3200000000;gęstość zaludnienia powierzchni zabudowanej i zurbanizowanej (osoby/km2);2006;1638;osoba
3200000000;gęstość zaludnienia powierzchni zabudowanej i zurbanizowanej (osoby/km2);2007;1616;osoba
3200000000;gęstość zaludnienia powierzchni zabudowanej i zurbanizowanej (osoby/km2);2008;1633;osoba
3200000000;gęstość zaludnienia powierzchni zabudowanej i zurbanizowanej (osoby/km2);2009;1633;osoba
3200000000;gęstość zaludnienia powierzchni zabudowanej i zurbanizowanej (osoby/km2);2010;1647;osoba
3200000000;gęstość zaludnienia powierzchni zabudowanej i zurbanizowanej (osoby/km2);2011;1632;osoba
3200000000;gęstość zaludnienia powierzchni zabudowanej i zurbanizowanej (osoby/km2);2012;1621;osoba
3200000000;gęstość zaludnienia powierzchni zabudowanej i zurbanizowanej (osoby/km2);2013;1610;osoba
3200000000;gęstość zaludnienia powierzchni zabudowanej i zurbanizowanej (osoby/km2);2014;1587;osoba
3200000000;gęstość zaludnienia powierzchni zabudowanej i zurbanizowanej (osoby/km2);2015;;osoba
3200000000;zmiana liczby ludności na 1000 mieszkańców;2002;;osoba
3200000000;zmiana liczby ludności na 1000 mieszkańców;2003;-2,1;osoba
3200000000;zmiana liczby ludności na 1000 mieszkańców;2004;-2,2;osoba
3200000000;zmiana liczby ludności na 1000 mieszkańców;2005;-2,3;osoba
3200000000;zmiana liczby ludności na 1000 mieszkańców;2006;-3;osoba
3200000000;zmiana liczby ludności na 1000 mieszkańców;2007;-2,9;osoba
3200000000;zmiana liczby ludności na 1000 mieszkańców;2008;-1;osoba
3200000000;zmiana liczby ludności na 1000 mieszkańców;2009;-1,5;osoba
3200000000;zmiana liczby ludności na 1000 mieszkańców;2010;11,4;osoba
3200000000;zmiana liczby ludności na 1000 mieszkańców;2011;-2,1;osoba
3200000000;zmiana liczby ludności na 1000 mieszkańców;2012;-1,9;osoba
3200000000;zmiana liczby ludności na 1000 mieszkańców;2013;-3,1;osoba
3200000000;zmiana liczby ludności na 1000 mieszkańców;2014;-2,6;osoba
3200000000;zmiana liczby ludności na 1000 mieszkańców;2015;-2,6;osoba
3260000000;ludność na 1 km2;2002;111;osoba
3260000000;ludność na 1 km2;2003;110;osoba
3260000000;ludność na 1 km2;2004;110;osoba
3260000000;ludność na 1 km2;2005;110;osoba
3260000000;ludność na 1 km2;2006;109;osoba
3260000000;ludność na 1 km2;2007;109;osoba
3260000000;ludność na 1 km2;2008;109;osoba
3260000000;ludność na 1 km2;2009;108;osoba
3260000000;ludność na 1 km2;2010;110;osoba
3260000000;ludność na 1 km2;2011;109;osoba
3260000000;ludność na 1 km2;2012;109;osoba
3260000000;ludność na 1 km2;2013;108;osoba
3260000000;ludność na 1 km2;2014;108;osoba
3260000000;ludność na 1 km2;2015;107;osoba
3260000000;gęstość zaludnienia powierzchni zabudowanej i zurbanizowanej (osoby/km2);2002;;osoba
3260000000;gęstość zaludnienia powierzchni zabudowanej i zurbanizowanej (osoby/km2);2003;2828;osoba
3260000000;gęstość zaludnienia powierzchni zabudowanej i zurbanizowanej (osoby/km2);2004;2795;osoba
3260000000;gęstość zaludnienia powierzchni zabudowanej i zurbanizowanej (osoby/km2);2005;2677;osoba
3260000000;gęstość zaludnienia powierzchni zabudowanej i zurbanizowanej (osoby/km2);2006;2561;osoba
3260000000;gęstość zaludnienia powierzchni zabudowanej i zurbanizowanej (osoby/km2);2007;2516;osoba
3260000000;gęstość zaludnienia powierzchni zabudowanej i zurbanizowanej (osoby/km2);2008;2494;osoba
3260000000;gęstość zaludnienia powierzchni zabudowanej i zurbanizowanej (osoby/km2);2009;2476;osoba
3260000000;gęstość zaludnienia powierzchni zabudowanej i zurbanizowanej (osoby/km2);2010;2479;osoba
3260000000;gęstość zaludnienia powierzchni zabudowanej i zurbanizowanej (osoby/km2);2011;2452;osoba
3260000000;gęstość zaludnienia powierzchni zabudowanej i zurbanizowanej (osoby/km2);2012;2433;osoba
3260000000;gęstość zaludnienia powierzchni zabudowanej i zurbanizowanej (osoby/km2);2013;2376;osoba
3260000000;gęstość zaludnienia powierzchni zabudowanej i zurbanizowanej (osoby/km2);2014;2345;osoba
3260000000;gęstość zaludnienia powierzchni zabudowanej i zurbanizowanej (osoby/km2);2015;;osoba
3260000000;zmiana liczby ludności na 1000 mieszkańców;2002;;osoba
3260000000;zmiana liczby ludności na 1000 mieszkańców;2003;-3,3;osoba
3260000000;zmiana liczby ludności na 1000 mieszkańców;2004;-2,3;osoba
3260000000;zmiana liczby ludności na 1000 mieszkańców;2005;-2,9;osoba
3260000000;zmiana liczby ludności na 1000 mieszkańców;2006;-4;osoba
3260000000;zmiana liczby ludności na 1000 mieszkańców;2007;-3,4;osoba
3260000000;zmiana liczby ludności na 1000 mieszkańców;2008;-2,2;osoba
3260000000;zmiana liczby ludności na 1000 mieszkańców;2009;-2,1;osoba
3260000000;zmiana liczby ludności na 1000 mieszkańców;2010;9,7;osoba
3260000000;zmiana liczby ludności na 1000 mieszkańców;2011;-3,5;osoba
3260000000;zmiana liczby ludności na 1000 mieszkańców;2012;-3,2;osoba
3260000000;zmiana liczby ludności na 1000 mieszkańców;2013;-4,5;osoba
3260000000;zmiana liczby ludności na 1000 mieszkańców;2014;-4;osoba
3260000000;zmiana liczby ludności na 1000 mieszkańców;2015;-4,8;osoba
4080000000;ludność na 1 km2;2002;72;osoba
4080000000;ludność na 1 km2;2003;72;osoba
4080000000;ludność na 1 km2;2004;72;osoba
4080000000;ludność na 1 km2;2005;72;osoba
4080000000;ludność na 1 km2;2006;72;osoba
4080000000;ludność na 1 km2;2007;72;osoba
4080000000;ludność na 1 km2;2008;72;osoba
4080000000;ludność na 1 km2;2009;72;osoba
4080000000;ludność na 1 km2;2010;73;osoba
4080000000;ludność na 1 km2;2011;73;osoba
4080000000;ludność na 1 km2;2012;73;osoba
4080000000;ludność na 1 km2;2013;73;osoba
4080000000;ludność na 1 km2;2014;73;osoba
4080000000;ludność na 1 km2;2015;73;osoba
4080000000;gęstość zaludnienia powierzchni zabudowanej i zurbanizowanej (osoby/km2);2002;;osoba
4080000000;gęstość zaludnienia powierzchni zabudowanej i zurbanizowanej (osoby/km2);2003;1399;osoba
4080000000;gęstość zaludnienia powierzchni zabudowanej i zurbanizowanej (osoby/km2);2004;1570;osoba
4080000000;gęstość zaludnienia powierzchni zabudowanej i zurbanizowanej (osoby/km2);2005;1735;osoba
4080000000;gęstość zaludnienia powierzchni zabudowanej i zurbanizowanej (osoby/km2);2006;1725;osoba
4080000000;gęstość zaludnienia powierzchni zabudowanej i zurbanizowanej (osoby/km2);2007;1829;osoba
4080000000;gęstość zaludnienia powierzchni zabudowanej i zurbanizowanej (osoby/km2);2008;1724;osoba
4080000000;gęstość zaludnienia powierzchni zabudowanej i zurbanizowanej (osoby/km2);2009;1701;osoba
4080000000;gęstość zaludnienia powierzchni zabudowanej i zurbanizowanej (osoby/km2);2010;1704;osoba
4080000000;gęstość zaludnienia powierzchni zabudowanej i zurbanizowanej (osoby/km2);2011;1650;osoba
4080000000;gęstość zaludnienia powierzchni zabudowanej i zurbanizowanej (osoby/km2);2012;1639;osoba
4080000000;gęstość zaludnienia powierzchni zabudowanej i zurbanizowanej (osoby/km2);2013;1621;osoba
4080000000;gęstość zaludnienia powierzchni zabudowanej i zurbanizowanej (osoby/km2);2014;1607;osoba
4080000000;gęstość zaludnienia powierzchni zabudowanej i zurbanizowanej (osoby/km2);2015;;osoba
4080000000;zmiana liczby ludności na 1000 mieszkańców;2002;;osoba
4080000000;zmiana liczby ludności na 1000 mieszkańców;2003;0,6;osoba
4080000000;zmiana liczby ludności na 1000 mieszkańców;2004;0,4;osoba
4080000000;zmiana liczby ludności na 1000 mieszkańców;2005;0;osoba
4080000000;zmiana liczby ludności na 1000 mieszkańców;2006;-0,7;osoba
4080000000;zmiana liczby ludności na 1000 mieszkańców;2007;0;osoba
4080000000;zmiana liczby ludności na 1000 mieszkańców;2008;0,5;osoba
4080000000;zmiana liczby ludności na 1000 mieszkańców;2009;1,1;osoba
4080000000;zmiana liczby ludności na 1000 mieszkańców;2010;12,9;osoba
4080000000;zmiana liczby ludności na 1000 mieszkańców;2011;-0,1;osoba
4080000000;zmiana liczby ludności na 1000 mieszkańców;2012;0,2;osoba
4080000000;zmiana liczby ludności na 1000 mieszkańców;2013;-1,8;osoba
4080000000;zmiana liczby ludności na 1000 mieszkańców;2014;-1,1;osoba
4080000000;zmiana liczby ludności na 1000 mieszkańców;2015;-2,2;osoba
4300000000;ludność na 1 km2;2002;112;osoba
4300000000;ludność na 1 km2;2003;113;osoba
4300000000;ludność na 1 km2;2004;113;osoba
4300000000;ludność na 1 km2;2005;113;osoba
4300000000;ludność na 1 km2;2006;113;osoba
4300000000;ludność na 1 km2;2007;114;osoba
4300000000;ludność na 1 km2;2008;114;osoba
4300000000;ludność na 1 km2;2009;114;osoba
4300000000;ludność na 1 km2;2010;116;osoba
4300000000;ludność na 1 km2;2011;116;osoba
4300000000;ludność na 1 km2;2012;116;osoba
4300000000;ludność na 1 km2;2013;116;osoba
4300000000;ludność na 1 km2;2014;116;osoba
4300000000;ludność na 1 km2;2015;117;osoba
4300000000;gęstość zaludnienia powierzchni zabudowanej i zurbanizowanej (osoby/km2);2002;;osoba
4300000000;gęstość zaludnienia powierzchni zabudowanej i zurbanizowanej (osoby/km2);2003;2481;osoba
4300000000;gęstość zaludnienia powierzchni zabudowanej i zurbanizowanej (osoby/km2);2004;2326;osoba
4300000000;gęstość zaludnienia powierzchni zabudowanej i zurbanizowanej (osoby/km2);2005;2330;osoba
4300000000;gęstość zaludnienia powierzchni zabudowanej i zurbanizowanej (osoby/km2);2006;2305;osoba
4300000000;gęstość zaludnienia powierzchni zabudowanej i zurbanizowanej (osoby/km2);2007;2298;osoba
4300000000;gęstość zaludnienia powierzchni zabudowanej i zurbanizowanej (osoby/km2);2008;2285;osoba
4300000000;gęstość zaludnienia powierzchni zabudowanej i zurbanizowanej (osoby/km2);2009;2279;osoba
4300000000;gęstość zaludnienia powierzchni zabudowanej i zurbanizowanej (osoby/km2);2010;2289;osoba
4300000000;gęstość zaludnienia powierzchni zabudowanej i zurbanizowanej (osoby/km2);2011;2283;osoba
4300000000;gęstość zaludnienia powierzchni zabudowanej i zurbanizowanej (osoby/km2);2012;2278;osoba
4300000000;gęstość zaludnienia powierzchni zabudowanej i zurbanizowanej (osoby/km2);2013;2252;osoba
4300000000;gęstość zaludnienia powierzchni zabudowanej i zurbanizowanej (osoby/km2);2014;2231;osoba
4300000000;gęstość zaludnienia powierzchni zabudowanej i zurbanizowanej (osoby/km2);2015;;osoba
4300000000;zmiana liczby ludności na 1000 mieszkańców;2002;;osoba
4300000000;zmiana liczby ludności na 1000 mieszkańców;2003;1,4;osoba
4300000000;zmiana liczby ludności na 1000 mieszkańców;2004;1,6;osoba
4300000000;zmiana liczby ludności na 1000 mieszkańców;2005;2,1;osoba
4300000000;zmiana liczby ludności na 1000 mieszkańców;2006;1,8;osoba
4300000000;zmiana liczby ludności na 1000 mieszkańców;2007;2,5;osoba
4300000000;zmiana liczby ludności na 1000 mieszkańców;2008;3,2;osoba
4300000000;zmiana liczby ludności na 1000 mieszkańców;2009;3,1;osoba
4300000000;zmiana liczby ludności na 1000 mieszkańców;2010;11,2;osoba
4300000000;zmiana liczby ludności na 1000 mieszkańców;2011;2,5;osoba
4300000000;zmiana liczby ludności na 1000 mieszkańców;2012;1,9;osoba
4300000000;zmiana liczby ludności na 1000 mieszkańców;2013;1,4;osoba
4300000000;zmiana liczby ludności na 1000 mieszkańców;2014;1,6;osoba
4300000000;zmiana liczby ludności na 1000 mieszkańców;2015;0,8;osoba
4320000000;ludność na 1 km2;2002;74;osoba
4320000000;ludność na 1 km2;2003;74;osoba
4320000000;ludność na 1 km2;2004;74;osoba
4320000000;ludność na 1 km2;2005;74;osoba
4320000000;ludność na 1 km2;2006;74;osoba
4320000000;ludność na 1 km2;2007;74;osoba
4320000000;ludność na 1 km2;2008;74;osoba
4320000000;ludność na 1 km2;2009;74;osoba
4320000000;ludność na 1 km2;2010;75;osoba
4320000000;ludność na 1 km2;2011;75;osoba
4320000000;ludność na 1 km2;2012;75;osoba
4320000000;ludność na 1 km2;2013;75;osoba
4320000000;ludność na 1 km2;2014;75;osoba
4320000000;ludność na 1 km2;2015;75;osoba
4320000000;gęstość zaludnienia powierzchni zabudowanej i zurbanizowanej (osoby/km2);2002;;osoba
4320000000;gęstość zaludnienia powierzchni zabudowanej i zurbanizowanej (osoby/km2);2003;1718;osoba
4320000000;gęstość zaludnienia powierzchni zabudowanej i zurbanizowanej (osoby/km2);2004;1752;osoba
4320000000;gęstość zaludnienia powierzchni zabudowanej i zurbanizowanej (osoby/km2);2005;1770;osoba
4320000000;gęstość zaludnienia powierzchni zabudowanej i zurbanizowanej (osoby/km2);2006;1791;osoba
4320000000;gęstość zaludnienia powierzchni zabudowanej i zurbanizowanej (osoby/km2);2007;1795;osoba
4320000000;gęstość zaludnienia powierzchni zabudowanej i zurbanizowanej (osoby/km2);2008;1773;osoba
4320000000;gęstość zaludnienia powierzchni zabudowanej i zurbanizowanej (osoby/km2);2009;1761;osoba
4320000000;gęstość zaludnienia powierzchni zabudowanej i zurbanizowanej (osoby/km2);2010;1781;osoba
4320000000;gęstość zaludnienia powierzchni zabudowanej i zurbanizowanej (osoby/km2);2011;1760;osoba
4320000000;gęstość zaludnienia powierzchni zabudowanej i zurbanizowanej (osoby/km2);2012;1728;osoba
4320000000;gęstość zaludnienia powierzchni zabudowanej i zurbanizowanej (osoby/km2);2013;1728;osoba
4320000000;gęstość zaludnienia powierzchni zabudowanej i zurbanizowanej (osoby/km2);2014;1719;osoba
4320000000;gęstość zaludnienia powierzchni zabudowanej i zurbanizowanej (osoby/km2);2015;;osoba
4320000000;zmiana liczby ludności na 1000 mieszkańców;2002;;osoba
4320000000;zmiana liczby ludności na 1000 mieszkańców;2003;-1;osoba
4320000000;zmiana liczby ludności na 1000 mieszkańców;2004;-0,7;osoba
4320000000;zmiana liczby ludności na 1000 mieszkańców;2005;-0,4;osoba
4320000000;zmiana liczby ludności na 1000 mieszkańców;2006;-0,8;osoba
4320000000;zmiana liczby ludności na 1000 mieszkańców;2007;-0,3;osoba
4320000000;zmiana liczby ludności na 1000 mieszkańców;2008;0,4;osoba
4320000000;zmiana liczby ludności na 1000 mieszkańców;2009;0,1;osoba
4320000000;zmiana liczby ludności na 1000 mieszkańców;2010;17,7;osoba
4320000000;zmiana liczby ludności na 1000 mieszkańców;2011;-0,6;osoba
4320000000;zmiana liczby ludności na 1000 mieszkańców;2012;-0,8;osoba
4320000000;zmiana liczby ludności na 1000 mieszkańców;2013;-1,5;osoba
4320000000;zmiana liczby ludności na 1000 mieszkańców;2014;-2;osoba
4320000000;zmiana liczby ludności na 1000 mieszkańców;2015;-2,9;osoba
5020000000;ludność na 1 km2;2002;146;osoba
5020000000;ludność na 1 km2;2003;145;osoba
5020000000;ludność na 1 km2;2004;145;osoba
5020000000;ludność na 1 km2;2005;145;osoba
5020000000;ludność na 1 km2;2006;145;osoba
5020000000;ludność na 1 km2;2007;144;osoba
5020000000;ludność na 1 km2;2008;144;osoba
5020000000;ludność na 1 km2;2009;144;osoba
5020000000;ludność na 1 km2;2010;146;osoba
5020000000;ludność na 1 km2;2011;146;osoba
5020000000;ludność na 1 km2;2012;146;osoba
5020000000;ludność na 1 km2;2013;146;osoba
5020000000;ludność na 1 km2;2014;146;osoba
5020000000;ludność na 1 km2;2015;146;osoba
5020000000;gęstość zaludnienia powierzchni zabudowanej i zurbanizowanej (osoby/km2);2002;;osoba
5020000000;gęstość zaludnienia powierzchni zabudowanej i zurbanizowanej (osoby/km2);2003;2207;osoba
5020000000;gęstość zaludnienia powierzchni zabudowanej i zurbanizowanej (osoby/km2);2004;2218;osoba
5020000000;gęstość zaludnienia powierzchni zabudowanej i zurbanizowanej (osoby/km2);2005;2204;osoba
5020000000;gęstość zaludnienia powierzchni zabudowanej i zurbanizowanej (osoby/km2);2006;2191;osoba
5020000000;gęstość zaludnienia powierzchni zabudowanej i zurbanizowanej (osoby/km2);2007;2196;osoba
5020000000;gęstość zaludnienia powierzchni zabudowanej i zurbanizowanej (osoby/km2);2008;2183;osoba
5020000000;gęstość zaludnienia powierzchni zabudowanej i zurbanizowanej (osoby/km2);2009;2175;osoba
5020000000;gęstość zaludnienia powierzchni zabudowanej i zurbanizowanej (osoby/km2);2010;2190;osoba
5020000000;gęstość zaludnienia powierzchni zabudowanej i zurbanizowanej (osoby/km2);2011;2168;osoba
5020000000;gęstość zaludnienia powierzchni zabudowanej i zurbanizowanej (osoby/km2);2012;2158;osoba
5020000000;gęstość zaludnienia powierzchni zabudowanej i zurbanizowanej (osoby/km2);2013;2130;osoba
5020000000;gęstość zaludnienia powierzchni zabudowanej i zurbanizowanej (osoby/km2);2014;2116;osoba
5020000000;gęstość zaludnienia powierzchni zabudowanej i zurbanizowanej (osoby/km2);2015;;osoba
5020000000;zmiana liczby ludności na 1000 mieszkańców;2002;;osoba
5020000000;zmiana liczby ludności na 1000 mieszkańców;2003;-2,2;osoba
5020000000;zmiana liczby ludności na 1000 mieszkańców;2004;-1,8;osoba
5020000000;zmiana liczby ludności na 1000 mieszkańców;2005;-1,7;osoba
5020000000;zmiana liczby ludności na 1000 mieszkańców;2006;-2,1;osoba
5020000000;zmiana liczby ludności na 1000 mieszkańców;2007;-1,4;osoba
5020000000;zmiana liczby ludności na 1000 mieszkańców;2008;-0,5;osoba
5020000000;zmiana liczby ludności na 1000 mieszkańców;2009;-0,2;osoba
5020000000;zmiana liczby ludności na 1000 mieszkańców;2010;13,9;osoba
5020000000;zmiana liczby ludności na 1000 mieszkańców;2011;-0,2;osoba
5020000000;zmiana liczby ludności na 1000 mieszkańców;2012;-0,8;osoba
5020000000;zmiana liczby ludności na 1000 mieszkańców;2013;-1,5;osoba
5020000000;zmiana liczby ludności na 1000 mieszkańców;2014;-0,5;osoba
5020000000;zmiana liczby ludności na 1000 mieszkańców;2015;-1,5;osoba
5160000000;ludność na 1 km2;2002;113;osoba
5160000000;ludność na 1 km2;2003;112;osoba
5160000000;ludność na 1 km2;2004;112;osoba
5160000000;ludność na 1 km2;2005;111;osoba
5160000000;ludność na 1 km2;2006;111;osoba
5160000000;ludność na 1 km2;2007;110;osoba
5160000000;ludność na 1 km2;2008;110;osoba
5160000000;ludność na 1 km2;2009;110;osoba
5160000000;ludność na 1 km2;2010;108;osoba
5160000000;ludność na 1 km2;2011;108;osoba
5160000000;ludność na 1 km2;2012;107;osoba
5160000000;ludność na 1 km2;2013;107;osoba
5160000000;ludność na 1 km2;2014;106;osoba
5160000000;ludność na 1 km2;2015;106;osoba
5160000000;gęstość zaludnienia powierzchni zabudowanej i zurbanizowanej (osoby/km2);2002;;osoba
5160000000;gęstość zaludnienia powierzchni zabudowanej i zurbanizowanej (osoby/km2);2003;2002;osoba
5160000000;gęstość zaludnienia powierzchni zabudowanej i zurbanizowanej (osoby/km2);2004;2130;osoba
5160000000;gęstość zaludnienia powierzchni zabudowanej i zurbanizowanej (osoby/km2);2005;1966;osoba
5160000000;gęstość zaludnienia powierzchni zabudowanej i zurbanizowanej (osoby/km2);2006;1929;osoba
5160000000;gęstość zaludnienia powierzchni zabudowanej i zurbanizowanej (osoby/km2);2007;1898;osoba
5160000000;gęstość zaludnienia powierzchni zabudowanej i zurbanizowanej (osoby/km2);2008;1886;osoba
5160000000;gęstość zaludnienia powierzchni zabudowanej i zurbanizowanej (osoby/km2);2009;1863;osoba
5160000000;gęstość zaludnienia powierzchni zabudowanej i zurbanizowanej (osoby/km2);2010;1826;osoba
5160000000;gęstość zaludnienia powierzchni zabudowanej i zurbanizowanej (osoby/km2);2011;1806;osoba
5160000000;gęstość zaludnienia powierzchni zabudowanej i zurbanizowanej (osoby/km2);2012;1790;osoba
5160000000;gęstość zaludnienia powierzchni zabudowanej i zurbanizowanej (osoby/km2);2013;1768;osoba
5160000000;gęstość zaludnienia powierzchni zabudowanej i zurbanizowanej (osoby/km2);2014;1755;osoba
5160000000;gęstość zaludnienia powierzchni zabudowanej i zurbanizowanej (osoby/km2);2015;;osoba
5160000000;zmiana liczby ludności na 1000 mieszkańców;2002;;osoba
5160000000;zmiana liczby ludności na 1000 mieszkańców;2003;-5;osoba
5160000000;zmiana liczby ludności na 1000 mieszkańców;2004;-3,9;osoba
5160000000;zmiana liczby ludności na 1000 mieszkańców;2005;-3,9;osoba
5160000000;zmiana liczby ludności na 1000 mieszkańców;2006;-5,2;osoba
5160000000;zmiana liczby ludności na 1000 mieszkańców;2007;-4,7;osoba
5160000000;zmiana liczby ludności na 1000 mieszkańców;2008;-3,9;osoba
5160000000;zmiana liczby ludności na 1000 mieszkańców;2009;-1,9;osoba
5160000000;zmiana liczby ludności na 1000 mieszkańców;2010;-13,6;osoba
5160000000;zmiana liczby ludności na 1000 mieszkańców;2011;-3,2;osoba
5160000000;zmiana liczby ludności na 1000 mieszkańców;2012;-3,7;osoba
5160000000;zmiana liczby ludności na 1000 mieszkańców;2013;-5,7;osoba
5160000000;zmiana liczby ludności na 1000 mieszkańców;2014;-3,5;osoba
5160000000;zmiana liczby ludności na 1000 mieszkańców;2015;-4,9;osoba
6040000000;ludność na 1 km2;2002;115;osoba
6040000000;ludność na 1 km2;2003;115;osoba
6040000000;ludność na 1 km2;2004;115;osoba
6040000000;ludność na 1 km2;2005;115;osoba
6040000000;ludność na 1 km2;2006;115;osoba
6040000000;ludność na 1 km2;2007;115;osoba
6040000000;ludność na 1 km2;2008;115;osoba
6040000000;ludność na 1 km2;2009;115;osoba
6040000000;ludność na 1 km2;2010;117;osoba
6040000000;ludność na 1 km2;2011;117;osoba
6040000000;ludność na 1 km2;2012;117;osoba
6040000000;ludność na 1 km2;2013;116;osoba
6040000000;ludność na 1 km2;2014;116;osoba
6040000000;ludność na 1 km2;2015;116;osoba
6040000000;gęstość zaludnienia powierzchni zabudowanej i zurbanizowanej (osoby/km2);2002;;osoba
6040000000;gęstość zaludnienia powierzchni zabudowanej i zurbanizowanej (osoby/km2);2003;2656;osoba
6040000000;gęstość zaludnienia powierzchni zabudowanej i zurbanizowanej (osoby/km2);2004;2603;osoba
6040000000;gęstość zaludnienia powierzchni zabudowanej i zurbanizowanej (osoby/km2);2005;2630;osoba
6040000000;gęstość zaludnienia powierzchni zabudowanej i zurbanizowanej (osoby/km2);2006;2635;osoba
6040000000;gęstość zaludnienia powierzchni zabudowanej i zurbanizowanej (osoby/km2);2007;2617;osoba
6040000000;gęstość zaludnienia powierzchni zabudowanej i zurbanizowanej (osoby/km2);2008;2587;osoba
6040000000;gęstość zaludnienia powierzchni zabudowanej i zurbanizowanej (osoby/km2);2009;2560;osoba
6040000000;gęstość zaludnienia powierzchni zabudowanej i zurbanizowanej (osoby/km2);2010;2560;osoba
6040000000;gęstość zaludnienia powierzchni zabudowanej i zurbanizowanej (osoby/km2);2011;2527;osoba
6040000000;gęstość zaludnienia powierzchni zabudowanej i zurbanizowanej (osoby/km2);2012;2493;osoba
6040000000;gęstość zaludnienia powierzchni zabudowanej i zurbanizowanej (osoby/km2);2013;2431;osoba
6040000000;gęstość zaludnienia powierzchni zabudowanej i zurbanizowanej (osoby/km2);2014;2405;osoba
6040000000;gęstość zaludnienia powierzchni zabudowanej i zurbanizowanej (osoby/km2);2015;;osoba
6040000000;zmiana liczby ludności na 1000 mieszkańców;2002;;osoba
6040000000;zmiana liczby ludności na 1000 mieszkańców;2003;-0,5;osoba
6040000000;zmiana liczby ludności na 1000 mieszkańców;2004;0,1;osoba
6040000000;zmiana liczby ludności na 1000 mieszkańców;2005;0;osoba
6040000000;zmiana liczby ludności na 1000 mieszkańców;2006;-0,9;osoba
6040000000;zmiana liczby ludności na 1000 mieszkańców;2007;-0,1;osoba
6040000000;zmiana liczby ludności na 1000 mieszkańców;2008;0,9;osoba
6040000000;zmiana liczby ludności na 1000 mieszkańców;2009;0,6;osoba
6040000000;zmiana liczby ludności na 1000 mieszkańców;2010;14,1;osoba
6040000000;zmiana liczby ludności na 1000 mieszkańców;2011;-0,2;osoba
6040000000;zmiana liczby ludności na 1000 mieszkańców;2012;-0,9;osoba
6040000000;zmiana liczby ludności na 1000 mieszkańców;2013;-1,8;osoba
6040000000;zmiana liczby ludności na 1000 mieszkańców;2014;-1,2;osoba
6040000000;zmiana liczby ludności na 1000 mieszkańców;2015;-1,8;osoba
6220000000;ludność na 1 km2;2002;119;osoba
6220000000;ludność na 1 km2;2003;120;osoba
6220000000;ludność na 1 km2;2004;120;osoba
6220000000;ludność na 1 km2;2005;120;osoba
6220000000;ludność na 1 km2;2006;120;osoba
6220000000;ludność na 1 km2;2007;121;osoba
6220000000;ludność na 1 km2;2008;121;osoba
6220000000;ludność na 1 km2;2009;122;osoba
6220000000;ludność na 1 km2;2010;124;osoba
6220000000;ludność na 1 km2;2011;125;osoba
6220000000;ludność na 1 km2;2012;125;osoba
6220000000;ludność na 1 km2;2013;125;osoba
6220000000;ludność na 1 km2;2014;126;osoba
6220000000;ludność na 1 km2;2015;126;osoba
6220000000;gęstość zaludnienia powierzchni zabudowanej i zurbanizowanej (osoby/km2);2002;;osoba
6220000000;gęstość zaludnienia powierzchni zabudowanej i zurbanizowanej (osoby/km2);2003;2628;osoba
6220000000;gęstość zaludnienia powierzchni zabudowanej i zurbanizowanej (osoby/km2);2004;2742;osoba
6220000000;gęstość zaludnienia powierzchni zabudowanej i zurbanizowanej (osoby/km2);2005;2549;osoba
6220000000;gęstość zaludnienia powierzchni zabudowanej i zurbanizowanej (osoby/km2);2006;2499;osoba
6220000000;gęstość zaludnienia powierzchni zabudowanej i zurbanizowanej (osoby/km2);2007;2547;osoba
6220000000;gęstość zaludnienia powierzchni zabudowanej i zurbanizowanej (osoby/km2);2008;2522;osoba
6220000000;gęstość zaludnienia powierzchni zabudowanej i zurbanizowanej (osoby/km2);2009;2494;osoba
6220000000;gęstość zaludnienia powierzchni zabudowanej i zurbanizowanej (osoby/km2);2010;2488;osoba
6220000000;gęstość zaludnienia powierzchni zabudowanej i zurbanizowanej (osoby/km2);2011;2461;osoba
6220000000;gęstość zaludnienia powierzchni zabudowanej i zurbanizowanej (osoby/km2);2012;2445;osoba
6220000000;gęstość zaludnienia powierzchni zabudowanej i zurbanizowanej (osoby/km2);2013;2420;osoba
6220000000;gęstość zaludnienia powierzchni zabudowanej i zurbanizowanej (osoby/km2);2014;2409;osoba
6220000000;gęstość zaludnienia powierzchni zabudowanej i zurbanizowanej (osoby/km2);2015;;osoba
6220000000;zmiana liczby ludności na 1000 mieszkańców;2002;;osoba
6220000000;zmiana liczby ludności na 1000 mieszkańców;2003;2,4;osoba
6220000000;zmiana liczby ludności na 1000 mieszkańców;2004;2,3;osoba
6220000000;zmiana liczby ludności na 1000 mieszkańców;2005;2,3;osoba
6220000000;zmiana liczby ludności na 1000 mieszkańców;2006;2,1;osoba
6220000000;zmiana liczby ludności na 1000 mieszkańców;2007;3,3;osoba
6220000000;zmiana liczby ludności na 1000 mieszkańców;2008;3,9;osoba
6220000000;zmiana liczby ludności na 1000 mieszkańców;2009;4,8;osoba
6220000000;zmiana liczby ludności na 1000 mieszkańców;2010;20;osoba
6220000000;zmiana liczby ludności na 1000 mieszkańców;2011;3,5;osoba
6220000000;zmiana liczby ludności na 1000 mieszkańców;2012;2,9;osoba
6220000000;zmiana liczby ludności na 1000 mieszkańców;2013;2,5;osoba
6220000000;zmiana liczby ludności na 1000 mieszkańców;2014;2,7;osoba
6220000000;zmiana liczby ludności na 1000 mieszkańców;2015;2,4;osoba
6280000000;ludność na 1 km2;2002;59;osoba
6280000000;ludność na 1 km2;2003;59;osoba
6280000000;ludność na 1 km2;2004;59;osoba
6280000000;ludność na 1 km2;2005;59;osoba
6280000000;ludność na 1 km2;2006;59;osoba
6280000000;ludność na 1 km2;2007;59;osoba
6280000000;ludność na 1 km2;2008;59;osoba
6280000000;ludność na 1 km2;2009;59;osoba
6280000000;ludność na 1 km2;2010;60;osoba
6280000000;ludność na 1 km2;2011;60;osoba
6280000000;ludność na 1 km2;2012;60;osoba
6280000000;ludność na 1 km2;2013;60;osoba
6280000000;ludność na 1 km2;2014;60;osoba
6280000000;ludność na 1 km2;2015;60;osoba
6280000000;gęstość zaludnienia powierzchni zabudowanej i zurbanizowanej (osoby/km2);2002;;osoba
6280000000;gęstość zaludnienia powierzchni zabudowanej i zurbanizowanej (osoby/km2);2003;1742;osoba
6280000000;gęstość zaludnienia powierzchni zabudowanej i zurbanizowanej (osoby/km2);2004;1668;osoba
6280000000;gęstość zaludnienia powierzchni zabudowanej i zurbanizowanej (osoby/km2);2005;1673;osoba
6280000000;gęstość zaludnienia powierzchni zabudowanej i zurbanizowanej (osoby/km2);2006;1662;osoba
6280000000;gęstość zaludnienia powierzchni zabudowanej i zurbanizowanej (osoby/km2);2007;1667;osoba
6280000000;gęstość zaludnienia powierzchni zabudowanej i zurbanizowanej (osoby/km2);2008;1664;osoba
6280000000;gęstość zaludnienia powierzchni zabudowanej i zurbanizowanej (osoby/km2);2009;1662;osoba
6280000000;gęstość zaludnienia powierzchni zabudowanej i zurbanizowanej (osoby/km2);2010;1675;osoba
6280000000;gęstość zaludnienia powierzchni zabudowanej i zurbanizowanej (osoby/km2);2011;1661;osoba
6280000000;gęstość zaludnienia powierzchni zabudowanej i zurbanizowanej (osoby/km2);2012;1647;osoba
6280000000;gęstość zaludnienia powierzchni zabudowanej i zurbanizowanej (osoby/km2);2013;1628;osoba
6280000000;gęstość zaludnienia powierzchni zabudowanej i zurbanizowanej (osoby/km2);2014;1606;osoba
6280000000;gęstość zaludnienia powierzchni zabudowanej i zurbanizowanej (osoby/km2);2015;;osoba
6280000000;zmiana liczby ludności na 1000 mieszkańców;2002;;osoba
6280000000;zmiana liczby ludności na 1000 mieszkańców;2003;0,3;osoba
6280000000;zmiana liczby ludności na 1000 mieszkańców;2004;-0,1;osoba
6280000000;zmiana liczby ludności na 1000 mieszkańców;2005;-0,1;osoba
6280000000;zmiana liczby ludności na 1000 mieszkańców;2006;-1,2;osoba
6280000000;zmiana liczby ludności na 1000 mieszkańców;2007;-0,5;osoba
6280000000;zmiana liczby ludności na 1000 mieszkańców;2008;0,6;osoba
6280000000;zmiana liczby ludności na 1000 mieszkańców;2009;0;osoba
6280000000;zmiana liczby ludności na 1000 mieszkańców;2010;18,3;osoba
6280000000;zmiana liczby ludności na 1000 mieszkańców;2011;-0,8;osoba
6280000000;zmiana liczby ludności na 1000 mieszkańców;2012;-1,3;osoba
6280000000;zmiana liczby ludności na 1000 mieszkańców;2013;-2,6;osoba
6280000000;zmiana liczby ludności na 1000 mieszkańców;2014;-2;osoba
6280000000;zmiana liczby ludności na 1000 mieszkańców;2015;-3;osoba
