Kod;Rodzaje towarów i usług;Rok;Wartosc;Jednostka miary
0;benzyna silnikowa bezołowiowa, 95-oktanowa - za 1l;1999;;zł
0;benzyna silnikowa bezołowiowa, 95-oktanowa - za 1l;2000;;zł
0;benzyna silnikowa bezołowiowa, 95-oktanowa - za 1l;2001;;zł
0;benzyna silnikowa bezołowiowa, 95-oktanowa - za 1l;2002;;zł
0;benzyna silnikowa bezołowiowa, 95-oktanowa - za 1l;2003;;zł
0;benzyna silnikowa bezołowiowa, 95-oktanowa - za 1l;2004;;zł
0;benzyna silnikowa bezołowiowa, 95-oktanowa - za 1l;2005;;zł
0;benzyna silnikowa bezołowiowa, 95-oktanowa - za 1l;2006;;zł
0;benzyna silnikowa bezołowiowa, 95-oktanowa - za 1l;2007;;zł
0;benzyna silnikowa bezołowiowa, 95-oktanowa - za 1l;2008;;zł
0;benzyna silnikowa bezołowiowa, 95-oktanowa - za 1l;2009;;zł
0;benzyna silnikowa bezołowiowa, 95-oktanowa - za 1l;2010;4,59;zł
0;benzyna silnikowa bezołowiowa, 95-oktanowa - za 1l;2011;5,14;zł
0;benzyna silnikowa bezołowiowa, 95-oktanowa - za 1l;2012;5,73;zł
0;benzyna silnikowa bezołowiowa, 95-oktanowa - za 1l;2013;5,51;zł
0;benzyna silnikowa bezołowiowa, 95-oktanowa - za 1l;2014;5,3;zł
0;benzyna silnikowa bezołowiowa, 95-oktanowa - za 1l;2015;4,65;zł
0;bilet normalny na przejazd tramwajem, jednorazowy;1999;1,57;zł
0;bilet normalny na przejazd tramwajem, jednorazowy;2000;1,84;zł
0;bilet normalny na przejazd tramwajem, jednorazowy;2001;1,99;zł
0;bilet normalny na przejazd tramwajem, jednorazowy;2002;2,08;zł
0;bilet normalny na przejazd tramwajem, jednorazowy;2003;2,11;zł
0;bilet normalny na przejazd tramwajem, jednorazowy;2004;2,16;zł
0;bilet normalny na przejazd tramwajem, jednorazowy;2005;2,22;zł
0;bilet normalny na przejazd tramwajem, jednorazowy;2006;2,27;zł
0;bilet normalny na przejazd tramwajem, jednorazowy;2007;2,29;zł
0;bilet normalny na przejazd tramwajem, jednorazowy;2008;2,41;zł
0;bilet normalny na przejazd tramwajem, jednorazowy;2009;2,5;zł
0;bilet normalny na przejazd tramwajem, jednorazowy;2010;2,53;zł
0;bilet normalny na przejazd tramwajem, jednorazowy;2011;2,63;zł
0;bilet normalny na przejazd tramwajem, jednorazowy;2012;2,95;zł
0;bilet normalny na przejazd tramwajem, jednorazowy;2013;3,28;zł
0;bilet normalny na przejazd tramwajem, jednorazowy;2014;3,3;zł
0;bilet normalny na przejazd tramwajem, jednorazowy;2015;3,32;zł
0;bilet normalny na przejazd autobusem miejskim, jednorazowy;1999;1,27;zł
0;bilet normalny na przejazd autobusem miejskim, jednorazowy;2000;1,54;zł
0;bilet normalny na przejazd autobusem miejskim, jednorazowy;2001;1,71;zł
0;bilet normalny na przejazd autobusem miejskim, jednorazowy;2002;1,78;zł
0;bilet normalny na przejazd autobusem miejskim, jednorazowy;2003;1,81;zł
0;bilet normalny na przejazd autobusem miejskim, jednorazowy;2004;1,85;zł
0;bilet normalny na przejazd autobusem miejskim, jednorazowy;2005;1,92;zł
0;bilet normalny na przejazd autobusem miejskim, jednorazowy;2006;1,97;zł
0;bilet normalny na przejazd autobusem miejskim, jednorazowy;2007;2;zł
0;bilet normalny na przejazd autobusem miejskim, jednorazowy;2008;2,11;zł
0;bilet normalny na przejazd autobusem miejskim, jednorazowy;2009;2,19;zł
0;bilet normalny na przejazd autobusem miejskim, jednorazowy;2010;2,23;zł
0;bilet normalny na przejazd autobusem miejskim, jednorazowy;2011;2,34;zł
0;bilet normalny na przejazd autobusem miejskim, jednorazowy;2012;2,58;zł
0;bilet normalny na przejazd autobusem miejskim, jednorazowy;2013;2,72;zł
0;bilet normalny na przejazd autobusem miejskim, jednorazowy;2014;2,73;zł
0;bilet normalny na przejazd autobusem miejskim, jednorazowy;2015;2,71;zł
0;przejazd taksówką osobową, taryfa dzienna - za 5km;1999;10,29;zł
0;przejazd taksówką osobową, taryfa dzienna - za 5km;2000;11,69;zł
0;przejazd taksówką osobową, taryfa dzienna - za 5km;2001;12,28;zł
0;przejazd taksówką osobową, taryfa dzienna - za 5km;2002;12,23;zł
0;przejazd taksówką osobową, taryfa dzienna - za 5km;2003;12,38;zł
0;przejazd taksówką osobową, taryfa dzienna - za 5km;2004;12,7;zł
0;przejazd taksówką osobową, taryfa dzienna - za 5km;2005;12,93;zł
0;przejazd taksówką osobową, taryfa dzienna - za 5km;2006;13,12;zł
0;przejazd taksówką osobową, taryfa dzienna - za 5km;2007;13,34;zł
0;przejazd taksówką osobową, taryfa dzienna - za 5km;2008;14,22;zł
0;przejazd taksówką osobową, taryfa dzienna - za 5km;2009;14,81;zł
0;przejazd taksówką osobową, taryfa dzienna - za 5km;2010;14,94;zł
0;przejazd taksówką osobową, taryfa dzienna - za 5km;2011;15,42;zł
0;przejazd taksówką osobową, taryfa dzienna - za 5km;2012;15,92;zł
0;przejazd taksówką osobową, taryfa dzienna - za 5km;2013;16,09;zł
0;przejazd taksówką osobową, taryfa dzienna - za 5km;2014;16,15;zł
0;przejazd taksówką osobową, taryfa dzienna - za 5km;2015;15,88;zł
1100000000;benzyna silnikowa bezołowiowa, 95-oktanowa - za 1l;1999;;zł
1100000000;benzyna silnikowa bezołowiowa, 95-oktanowa - za 1l;2000;;zł
1100000000;benzyna silnikowa bezołowiowa, 95-oktanowa - za 1l;2001;;zł
1100000000;benzyna silnikowa bezołowiowa, 95-oktanowa - za 1l;2002;;zł
1100000000;benzyna silnikowa bezołowiowa, 95-oktanowa - za 1l;2003;;zł
1100000000;benzyna silnikowa bezołowiowa, 95-oktanowa - za 1l;2004;;zł
1100000000;benzyna silnikowa bezołowiowa, 95-oktanowa - za 1l;2005;;zł
1100000000;benzyna silnikowa bezołowiowa, 95-oktanowa - za 1l;2006;;zł
1100000000;benzyna silnikowa bezołowiowa, 95-oktanowa - za 1l;2007;;zł
1100000000;benzyna silnikowa bezołowiowa, 95-oktanowa - za 1l;2008;;zł
1100000000;benzyna silnikowa bezołowiowa, 95-oktanowa - za 1l;2009;;zł
1100000000;benzyna silnikowa bezołowiowa, 95-oktanowa - za 1l;2010;4,61;zł
1100000000;benzyna silnikowa bezołowiowa, 95-oktanowa - za 1l;2011;5,14;zł
1100000000;benzyna silnikowa bezołowiowa, 95-oktanowa - za 1l;2012;5,73;zł
1100000000;benzyna silnikowa bezołowiowa, 95-oktanowa - za 1l;2013;5,52;zł
1100000000;benzyna silnikowa bezołowiowa, 95-oktanowa - za 1l;2014;5,28;zł
1100000000;benzyna silnikowa bezołowiowa, 95-oktanowa - za 1l;2015;4,64;zł
1100000000;bilet normalny na przejazd tramwajem, jednorazowy;1999;1,39;zł
1100000000;bilet normalny na przejazd tramwajem, jednorazowy;2000;1,62;zł
1100000000;bilet normalny na przejazd tramwajem, jednorazowy;2001;1,82;zł
1100000000;bilet normalny na przejazd tramwajem, jednorazowy;2002;1,89;zł
1100000000;bilet normalny na przejazd tramwajem, jednorazowy;2003;1,94;zł
1100000000;bilet normalny na przejazd tramwajem, jednorazowy;2004;2,03;zł
1100000000;bilet normalny na przejazd tramwajem, jednorazowy;2005;2,09;zł
1100000000;bilet normalny na przejazd tramwajem, jednorazowy;2006;2,4;zł
1100000000;bilet normalny na przejazd tramwajem, jednorazowy;2007;2,4;zł
1100000000;bilet normalny na przejazd tramwajem, jednorazowy;2008;2,4;zł
1100000000;bilet normalny na przejazd tramwajem, jednorazowy;2009;2,4;zł
1100000000;bilet normalny na przejazd tramwajem, jednorazowy;2010;2,4;zł
1100000000;bilet normalny na przejazd tramwajem, jednorazowy;2011;2,4;zł
1100000000;bilet normalny na przejazd tramwajem, jednorazowy;2012;2,73;zł
1100000000;bilet normalny na przejazd tramwajem, jednorazowy;2013;3;zł
1100000000;bilet normalny na przejazd tramwajem, jednorazowy;2014;3;zł
1100000000;bilet normalny na przejazd tramwajem, jednorazowy;2015;3;zł
1100000000;bilet normalny na przejazd autobusem miejskim, jednorazowy;1999;1,27;zł
1100000000;bilet normalny na przejazd autobusem miejskim, jednorazowy;2000;1,52;zł
1100000000;bilet normalny na przejazd autobusem miejskim, jednorazowy;2001;1,65;zł
1100000000;bilet normalny na przejazd autobusem miejskim, jednorazowy;2002;1,71;zł
1100000000;bilet normalny na przejazd autobusem miejskim, jednorazowy;2003;1,74;zł
1100000000;bilet normalny na przejazd autobusem miejskim, jednorazowy;2004;1,8;zł
1100000000;bilet normalny na przejazd autobusem miejskim, jednorazowy;2005;1,86;zł
1100000000;bilet normalny na przejazd autobusem miejskim, jednorazowy;2006;1,91;zł
1100000000;bilet normalny na przejazd autobusem miejskim, jednorazowy;2007;1,93;zł
1100000000;bilet normalny na przejazd autobusem miejskim, jednorazowy;2008;2,03;zł
1100000000;bilet normalny na przejazd autobusem miejskim, jednorazowy;2009;2,12;zł
1100000000;bilet normalny na przejazd autobusem miejskim, jednorazowy;2010;2,13;zł
1100000000;bilet normalny na przejazd autobusem miejskim, jednorazowy;2011;2,22;zł
1100000000;bilet normalny na przejazd autobusem miejskim, jednorazowy;2012;2,44;zł
1100000000;bilet normalny na przejazd autobusem miejskim, jednorazowy;2013;2,53;zł
1100000000;bilet normalny na przejazd autobusem miejskim, jednorazowy;2014;2,49;zł
1100000000;bilet normalny na przejazd autobusem miejskim, jednorazowy;2015;2,47;zł
1100000000;przejazd taksówką osobową, taryfa dzienna - za 5km;1999;10,77;zł
1100000000;przejazd taksówką osobową, taryfa dzienna - za 5km;2000;12,3;zł
1100000000;przejazd taksówką osobową, taryfa dzienna - za 5km;2001;12,92;zł
1100000000;przejazd taksówką osobową, taryfa dzienna - za 5km;2002;12,62;zł
1100000000;przejazd taksówką osobową, taryfa dzienna - za 5km;2003;12,6;zł
1100000000;przejazd taksówką osobową, taryfa dzienna - za 5km;2004;12,44;zł
1100000000;przejazd taksówką osobową, taryfa dzienna - za 5km;2005;12,75;zł
1100000000;przejazd taksówką osobową, taryfa dzienna - za 5km;2006;13,8;zł
1100000000;przejazd taksówką osobową, taryfa dzienna - za 5km;2007;13,91;zł
1100000000;przejazd taksówką osobową, taryfa dzienna - za 5km;2008;14,88;zł
1100000000;przejazd taksówką osobową, taryfa dzienna - za 5km;2009;14,85;zł
1100000000;przejazd taksówką osobową, taryfa dzienna - za 5km;2010;14,8;zł
1100000000;przejazd taksówką osobową, taryfa dzienna - za 5km;2011;15,18;zł
1100000000;przejazd taksówką osobową, taryfa dzienna - za 5km;2012;15,25;zł
1100000000;przejazd taksówką osobową, taryfa dzienna - za 5km;2013;15,47;zł
1100000000;przejazd taksówką osobową, taryfa dzienna - za 5km;2014;15,47;zł
1100000000;przejazd taksówką osobową, taryfa dzienna - za 5km;2015;15,47;zł
1140000000;benzyna silnikowa bezołowiowa, 95-oktanowa - za 1l;1999;;zł
1140000000;benzyna silnikowa bezołowiowa, 95-oktanowa - za 1l;2000;;zł
1140000000;benzyna silnikowa bezołowiowa, 95-oktanowa - za 1l;2001;;zł
1140000000;benzyna silnikowa bezołowiowa, 95-oktanowa - za 1l;2002;;zł
1140000000;benzyna silnikowa bezołowiowa, 95-oktanowa - za 1l;2003;;zł
1140000000;benzyna silnikowa bezołowiowa, 95-oktanowa - za 1l;2004;;zł
1140000000;benzyna silnikowa bezołowiowa, 95-oktanowa - za 1l;2005;;zł
1140000000;benzyna silnikowa bezołowiowa, 95-oktanowa - za 1l;2006;;zł
1140000000;benzyna silnikowa bezołowiowa, 95-oktanowa - za 1l;2007;;zł
1140000000;benzyna silnikowa bezołowiowa, 95-oktanowa - za 1l;2008;;zł
1140000000;benzyna silnikowa bezołowiowa, 95-oktanowa - za 1l;2009;;zł
1140000000;benzyna silnikowa bezołowiowa, 95-oktanowa - za 1l;2010;4,63;zł
1140000000;benzyna silnikowa bezołowiowa, 95-oktanowa - za 1l;2011;5,16;zł
1140000000;benzyna silnikowa bezołowiowa, 95-oktanowa - za 1l;2012;5,74;zł
1140000000;benzyna silnikowa bezołowiowa, 95-oktanowa - za 1l;2013;5,53;zł
1140000000;benzyna silnikowa bezołowiowa, 95-oktanowa - za 1l;2014;5,33;zł
1140000000;benzyna silnikowa bezołowiowa, 95-oktanowa - za 1l;2015;4,66;zł
1140000000;bilet normalny na przejazd tramwajem, jednorazowy;1999;2;zł
1140000000;bilet normalny na przejazd tramwajem, jednorazowy;2000;2,4;zł
1140000000;bilet normalny na przejazd tramwajem, jednorazowy;2001;2,4;zł
1140000000;bilet normalny na przejazd tramwajem, jednorazowy;2002;2,4;zł
1140000000;bilet normalny na przejazd tramwajem, jednorazowy;2003;2,4;zł
1140000000;bilet normalny na przejazd tramwajem, jednorazowy;2004;2,4;zł
1140000000;bilet normalny na przejazd tramwajem, jednorazowy;2005;2,4;zł
1140000000;bilet normalny na przejazd tramwajem, jednorazowy;2006;2,4;zł
1140000000;bilet normalny na przejazd tramwajem, jednorazowy;2007;2,4;zł
1140000000;bilet normalny na przejazd tramwajem, jednorazowy;2008;2,63;zł
1140000000;bilet normalny na przejazd tramwajem, jednorazowy;2009;2,8;zł
1140000000;bilet normalny na przejazd tramwajem, jednorazowy;2010;2,8;zł
1140000000;bilet normalny na przejazd tramwajem, jednorazowy;2011;3,1;zł
1140000000;bilet normalny na przejazd tramwajem, jednorazowy;2012;3,6;zł
1140000000;bilet normalny na przejazd tramwajem, jednorazowy;2013;4,4;zł
1140000000;bilet normalny na przejazd tramwajem, jednorazowy;2014;4,4;zł
1140000000;bilet normalny na przejazd tramwajem, jednorazowy;2015;4,4;zł
1140000000;bilet normalny na przejazd autobusem miejskim, jednorazowy;1999;1,52;zł
1140000000;bilet normalny na przejazd autobusem miejskim, jednorazowy;2000;1,91;zł
1140000000;bilet normalny na przejazd autobusem miejskim, jednorazowy;2001;2,03;zł
1140000000;bilet normalny na przejazd autobusem miejskim, jednorazowy;2002;2,08;zł
1140000000;bilet normalny na przejazd autobusem miejskim, jednorazowy;2003;2,12;zł
1140000000;bilet normalny na przejazd autobusem miejskim, jednorazowy;2004;2,16;zł
1140000000;bilet normalny na przejazd autobusem miejskim, jednorazowy;2005;2,18;zł
1140000000;bilet normalny na przejazd autobusem miejskim, jednorazowy;2006;2,24;zł
1140000000;bilet normalny na przejazd autobusem miejskim, jednorazowy;2007;2,27;zł
1140000000;bilet normalny na przejazd autobusem miejskim, jednorazowy;2008;2,44;zł
1140000000;bilet normalny na przejazd autobusem miejskim, jednorazowy;2009;2,59;zł
1140000000;bilet normalny na przejazd autobusem miejskim, jednorazowy;2010;2,59;zł
1140000000;bilet normalny na przejazd autobusem miejskim, jednorazowy;2011;2,86;zł
1140000000;bilet normalny na przejazd autobusem miejskim, jednorazowy;2012;3,17;zł
1140000000;bilet normalny na przejazd autobusem miejskim, jednorazowy;2013;3,49;zł
1140000000;bilet normalny na przejazd autobusem miejskim, jednorazowy;2014;3,41;zł
1140000000;bilet normalny na przejazd autobusem miejskim, jednorazowy;2015;3,29;zł
1140000000;przejazd taksówką osobową, taryfa dzienna - za 5km;1999;10,79;zł
1140000000;przejazd taksówką osobową, taryfa dzienna - za 5km;2000;12,19;zł
1140000000;przejazd taksówką osobową, taryfa dzienna - za 5km;2001;12,74;zł
1140000000;przejazd taksówką osobową, taryfa dzienna - za 5km;2002;12,81;zł
1140000000;przejazd taksówką osobową, taryfa dzienna - za 5km;2003;13,02;zł
1140000000;przejazd taksówką osobową, taryfa dzienna - za 5km;2004;13,29;zł
1140000000;przejazd taksówką osobową, taryfa dzienna - za 5km;2005;13,55;zł
1140000000;przejazd taksówką osobową, taryfa dzienna - za 5km;2006;13,8;zł
1140000000;przejazd taksówką osobową, taryfa dzienna - za 5km;2007;14,24;zł
1140000000;przejazd taksówką osobową, taryfa dzienna - za 5km;2008;15,52;zł
1140000000;przejazd taksówką osobową, taryfa dzienna - za 5km;2009;16,03;zł
1140000000;przejazd taksówką osobową, taryfa dzienna - za 5km;2010;15,15;zł
1140000000;przejazd taksówką osobową, taryfa dzienna - za 5km;2011;15,36;zł
1140000000;przejazd taksówką osobową, taryfa dzienna - za 5km;2012;15,99;zł
1140000000;przejazd taksówką osobową, taryfa dzienna - za 5km;2013;16,21;zł
1140000000;przejazd taksówką osobową, taryfa dzienna - za 5km;2014;16,44;zł
1140000000;przejazd taksówką osobową, taryfa dzienna - za 5km;2015;16,14;zł
2120000000;benzyna silnikowa bezołowiowa, 95-oktanowa - za 1l;1999;;zł
2120000000;benzyna silnikowa bezołowiowa, 95-oktanowa - za 1l;2000;;zł
2120000000;benzyna silnikowa bezołowiowa, 95-oktanowa - za 1l;2001;;zł
2120000000;benzyna silnikowa bezołowiowa, 95-oktanowa - za 1l;2002;;zł
2120000000;benzyna silnikowa bezołowiowa, 95-oktanowa - za 1l;2003;;zł
2120000000;benzyna silnikowa bezołowiowa, 95-oktanowa - za 1l;2004;;zł
2120000000;benzyna silnikowa bezołowiowa, 95-oktanowa - za 1l;2005;;zł
2120000000;benzyna silnikowa bezołowiowa, 95-oktanowa - za 1l;2006;;zł
2120000000;benzyna silnikowa bezołowiowa, 95-oktanowa - za 1l;2007;;zł
2120000000;benzyna silnikowa bezołowiowa, 95-oktanowa - za 1l;2008;;zł
2120000000;benzyna silnikowa bezołowiowa, 95-oktanowa - za 1l;2009;;zł
2120000000;benzyna silnikowa bezołowiowa, 95-oktanowa - za 1l;2010;4,59;zł
2120000000;benzyna silnikowa bezołowiowa, 95-oktanowa - za 1l;2011;5,17;zł
2120000000;benzyna silnikowa bezołowiowa, 95-oktanowa - za 1l;2012;5,74;zł
2120000000;benzyna silnikowa bezołowiowa, 95-oktanowa - za 1l;2013;5,51;zł
2120000000;benzyna silnikowa bezołowiowa, 95-oktanowa - za 1l;2014;5,31;zł
2120000000;benzyna silnikowa bezołowiowa, 95-oktanowa - za 1l;2015;4,63;zł
2120000000;bilet normalny na przejazd tramwajem, jednorazowy;1999;1,5;zł
2120000000;bilet normalny na przejazd tramwajem, jednorazowy;2000;2;zł
2120000000;bilet normalny na przejazd tramwajem, jednorazowy;2001;2,2;zł
2120000000;bilet normalny na przejazd tramwajem, jednorazowy;2002;2,19;zł
2120000000;bilet normalny na przejazd tramwajem, jednorazowy;2003;2,19;zł
2120000000;bilet normalny na przejazd tramwajem, jednorazowy;2004;2,4;zł
2120000000;bilet normalny na przejazd tramwajem, jednorazowy;2005;2,5;zł
2120000000;bilet normalny na przejazd tramwajem, jednorazowy;2006;2,5;zł
2120000000;bilet normalny na przejazd tramwajem, jednorazowy;2007;2,5;zł
2120000000;bilet normalny na przejazd tramwajem, jednorazowy;2008;2,5;zł
2120000000;bilet normalny na przejazd tramwajem, jednorazowy;2009;2,5;zł
2120000000;bilet normalny na przejazd tramwajem, jednorazowy;2010;2,5;zł
2120000000;bilet normalny na przejazd tramwajem, jednorazowy;2011;2,62;zł
2120000000;bilet normalny na przejazd tramwajem, jednorazowy;2012;3,08;zł
2120000000;bilet normalny na przejazd tramwajem, jednorazowy;2013;3,8;zł
2120000000;bilet normalny na przejazd tramwajem, jednorazowy;2014;3,8;zł
2120000000;bilet normalny na przejazd tramwajem, jednorazowy;2015;3,8;zł
2120000000;bilet normalny na przejazd autobusem miejskim, jednorazowy;1999;1,42;zł
2120000000;bilet normalny na przejazd autobusem miejskim, jednorazowy;2000;1,74;zł
2120000000;bilet normalny na przejazd autobusem miejskim, jednorazowy;2001;1,89;zł
2120000000;bilet normalny na przejazd autobusem miejskim, jednorazowy;2002;1,9;zł
2120000000;bilet normalny na przejazd autobusem miejskim, jednorazowy;2003;1,92;zł
2120000000;bilet normalny na przejazd autobusem miejskim, jednorazowy;2004;1,98;zł
2120000000;bilet normalny na przejazd autobusem miejskim, jednorazowy;2005;2,03;zł
2120000000;bilet normalny na przejazd autobusem miejskim, jednorazowy;2006;2,02;zł
2120000000;bilet normalny na przejazd autobusem miejskim, jednorazowy;2007;2,04;zł
2120000000;bilet normalny na przejazd autobusem miejskim, jednorazowy;2008;2,15;zł
2120000000;bilet normalny na przejazd autobusem miejskim, jednorazowy;2009;2,21;zł
2120000000;bilet normalny na przejazd autobusem miejskim, jednorazowy;2010;2,2;zł
2120000000;bilet normalny na przejazd autobusem miejskim, jednorazowy;2011;2,35;zł
2120000000;bilet normalny na przejazd autobusem miejskim, jednorazowy;2012;2,65;zł
2120000000;bilet normalny na przejazd autobusem miejskim, jednorazowy;2013;2,95;zł
2120000000;bilet normalny na przejazd autobusem miejskim, jednorazowy;2014;2,98;zł
2120000000;bilet normalny na przejazd autobusem miejskim, jednorazowy;2015;2,98;zł
2120000000;przejazd taksówką osobową, taryfa dzienna - za 5km;1999;11,29;zł
2120000000;przejazd taksówką osobową, taryfa dzienna - za 5km;2000;12,67;zł
2120000000;przejazd taksówką osobową, taryfa dzienna - za 5km;2001;13,66;zł
2120000000;przejazd taksówką osobową, taryfa dzienna - za 5km;2002;13,8;zł
2120000000;przejazd taksówką osobową, taryfa dzienna - za 5km;2003;13,83;zł
2120000000;przejazd taksówką osobową, taryfa dzienna - za 5km;2004;14,14;zł
2120000000;przejazd taksówką osobową, taryfa dzienna - za 5km;2005;14,36;zł
2120000000;przejazd taksówką osobową, taryfa dzienna - za 5km;2006;14,9;zł
2120000000;przejazd taksówką osobową, taryfa dzienna - za 5km;2007;15,1;zł
2120000000;przejazd taksówką osobową, taryfa dzienna - za 5km;2008;16,32;zł
2120000000;przejazd taksówką osobową, taryfa dzienna - za 5km;2009;17,24;zł
2120000000;przejazd taksówką osobową, taryfa dzienna - za 5km;2010;17,33;zł
2120000000;przejazd taksówką osobową, taryfa dzienna - za 5km;2011;17,2;zł
2120000000;przejazd taksówką osobową, taryfa dzienna - za 5km;2012;17,16;zł
2120000000;przejazd taksówką osobową, taryfa dzienna - za 5km;2013;17,21;zł
2120000000;przejazd taksówką osobową, taryfa dzienna - za 5km;2014;17,45;zł
2120000000;przejazd taksówką osobową, taryfa dzienna - za 5km;2015;17,56;zł
2240000000;benzyna silnikowa bezołowiowa, 95-oktanowa - za 1l;1999;;zł
2240000000;benzyna silnikowa bezołowiowa, 95-oktanowa - za 1l;2000;;zł
2240000000;benzyna silnikowa bezołowiowa, 95-oktanowa - za 1l;2001;;zł
2240000000;benzyna silnikowa bezołowiowa, 95-oktanowa - za 1l;2002;;zł
2240000000;benzyna silnikowa bezołowiowa, 95-oktanowa - za 1l;2003;;zł
2240000000;benzyna silnikowa bezołowiowa, 95-oktanowa - za 1l;2004;;zł
2240000000;benzyna silnikowa bezołowiowa, 95-oktanowa - za 1l;2005;;zł
2240000000;benzyna silnikowa bezołowiowa, 95-oktanowa - za 1l;2006;;zł
2240000000;benzyna silnikowa bezołowiowa, 95-oktanowa - za 1l;2007;;zł
2240000000;benzyna silnikowa bezołowiowa, 95-oktanowa - za 1l;2008;;zł
2240000000;benzyna silnikowa bezołowiowa, 95-oktanowa - za 1l;2009;;zł
2240000000;benzyna silnikowa bezołowiowa, 95-oktanowa - za 1l;2010;4,53;zł
2240000000;benzyna silnikowa bezołowiowa, 95-oktanowa - za 1l;2011;5,13;zł
2240000000;benzyna silnikowa bezołowiowa, 95-oktanowa - za 1l;2012;5,7;zł
2240000000;benzyna silnikowa bezołowiowa, 95-oktanowa - za 1l;2013;5,48;zł
2240000000;benzyna silnikowa bezołowiowa, 95-oktanowa - za 1l;2014;5,25;zł
2240000000;benzyna silnikowa bezołowiowa, 95-oktanowa - za 1l;2015;4,61;zł
2240000000;bilet normalny na przejazd tramwajem, jednorazowy;1999;1,58;zł
2240000000;bilet normalny na przejazd tramwajem, jednorazowy;2000;1,97;zł
2240000000;bilet normalny na przejazd tramwajem, jednorazowy;2001;2,16;zł
2240000000;bilet normalny na przejazd tramwajem, jednorazowy;2002;2,26;zł
2240000000;bilet normalny na przejazd tramwajem, jednorazowy;2003;2,27;zł
2240000000;bilet normalny na przejazd tramwajem, jednorazowy;2004;2,27;zł
2240000000;bilet normalny na przejazd tramwajem, jednorazowy;2005;2,34;zł
2240000000;bilet normalny na przejazd tramwajem, jednorazowy;2006;2,38;zł
2240000000;bilet normalny na przejazd tramwajem, jednorazowy;2007;2,38;zł
2240000000;bilet normalny na przejazd tramwajem, jednorazowy;2008;2,39;zł
2240000000;bilet normalny na przejazd tramwajem, jednorazowy;2009;2,41;zł
2240000000;bilet normalny na przejazd tramwajem, jednorazowy;2010;2,56;zł
2240000000;bilet normalny na przejazd tramwajem, jednorazowy;2011;2,66;zł
2240000000;bilet normalny na przejazd tramwajem, jednorazowy;2012;2,93;zł
2240000000;bilet normalny na przejazd tramwajem, jednorazowy;2013;3,14;zł
2240000000;bilet normalny na przejazd tramwajem, jednorazowy;2014;3,18;zł
2240000000;bilet normalny na przejazd tramwajem, jednorazowy;2015;3,18;zł
2240000000;bilet normalny na przejazd autobusem miejskim, jednorazowy;1999;1,43;zł
2240000000;bilet normalny na przejazd autobusem miejskim, jednorazowy;2000;1,79;zł
2240000000;bilet normalny na przejazd autobusem miejskim, jednorazowy;2001;2;zł
2240000000;bilet normalny na przejazd autobusem miejskim, jednorazowy;2002;2,09;zł
2240000000;bilet normalny na przejazd autobusem miejskim, jednorazowy;2003;2,15;zł
2240000000;bilet normalny na przejazd autobusem miejskim, jednorazowy;2004;2,15;zł
2240000000;bilet normalny na przejazd autobusem miejskim, jednorazowy;2005;2,24;zł
2240000000;bilet normalny na przejazd autobusem miejskim, jednorazowy;2006;2,3;zł
2240000000;bilet normalny na przejazd autobusem miejskim, jednorazowy;2007;2,3;zł
2240000000;bilet normalny na przejazd autobusem miejskim, jednorazowy;2008;2,36;zł
2240000000;bilet normalny na przejazd autobusem miejskim, jednorazowy;2009;2,44;zł
2240000000;bilet normalny na przejazd autobusem miejskim, jednorazowy;2010;2,52;zł
2240000000;bilet normalny na przejazd autobusem miejskim, jednorazowy;2011;2,63;zł
2240000000;bilet normalny na przejazd autobusem miejskim, jednorazowy;2012;2,86;zł
2240000000;bilet normalny na przejazd autobusem miejskim, jednorazowy;2013;3,1;zł
2240000000;bilet normalny na przejazd autobusem miejskim, jednorazowy;2014;3,14;zł
2240000000;bilet normalny na przejazd autobusem miejskim, jednorazowy;2015;3,14;zł
2240000000;przejazd taksówką osobową, taryfa dzienna - za 5km;1999;11,12;zł
2240000000;przejazd taksówką osobową, taryfa dzienna - za 5km;2000;12,32;zł
2240000000;przejazd taksówką osobową, taryfa dzienna - za 5km;2001;12,82;zł
2240000000;przejazd taksówką osobową, taryfa dzienna - za 5km;2002;12,76;zł
2240000000;przejazd taksówką osobową, taryfa dzienna - za 5km;2003;12,76;zł
2240000000;przejazd taksówką osobową, taryfa dzienna - za 5km;2004;13,82;zł
2240000000;przejazd taksówką osobową, taryfa dzienna - za 5km;2005;14,21;zł
2240000000;przejazd taksówką osobową, taryfa dzienna - za 5km;2006;14,51;zł
2240000000;przejazd taksówką osobową, taryfa dzienna - za 5km;2007;14,52;zł
2240000000;przejazd taksówką osobową, taryfa dzienna - za 5km;2008;15,4;zł
2240000000;przejazd taksówką osobową, taryfa dzienna - za 5km;2009;15,78;zł
2240000000;przejazd taksówką osobową, taryfa dzienna - za 5km;2010;15,73;zł
2240000000;przejazd taksówką osobową, taryfa dzienna - za 5km;2011;16,62;zł
2240000000;przejazd taksówką osobową, taryfa dzienna - za 5km;2012;16,18;zł
2240000000;przejazd taksówką osobową, taryfa dzienna - za 5km;2013;16,05;zł
2240000000;przejazd taksówką osobową, taryfa dzienna - za 5km;2014;16,07;zł
2240000000;przejazd taksówką osobową, taryfa dzienna - za 5km;2015;15,89;zł
3060000000;benzyna silnikowa bezołowiowa, 95-oktanowa - za 1l;1999;;zł
3060000000;benzyna silnikowa bezołowiowa, 95-oktanowa - za 1l;2000;;zł
3060000000;benzyna silnikowa bezołowiowa, 95-oktanowa - za 1l;2001;;zł
3060000000;benzyna silnikowa bezołowiowa, 95-oktanowa - za 1l;2002;;zł
3060000000;benzyna silnikowa bezołowiowa, 95-oktanowa - za 1l;2003;;zł
3060000000;benzyna silnikowa bezołowiowa, 95-oktanowa - za 1l;2004;;zł
3060000000;benzyna silnikowa bezołowiowa, 95-oktanowa - za 1l;2005;;zł
3060000000;benzyna silnikowa bezołowiowa, 95-oktanowa - za 1l;2006;;zł
3060000000;benzyna silnikowa bezołowiowa, 95-oktanowa - za 1l;2007;;zł
3060000000;benzyna silnikowa bezołowiowa, 95-oktanowa - za 1l;2008;;zł
3060000000;benzyna silnikowa bezołowiowa, 95-oktanowa - za 1l;2009;;zł
3060000000;benzyna silnikowa bezołowiowa, 95-oktanowa - za 1l;2010;4,61;zł
3060000000;benzyna silnikowa bezołowiowa, 95-oktanowa - za 1l;2011;5,13;zł
3060000000;benzyna silnikowa bezołowiowa, 95-oktanowa - za 1l;2012;5,72;zł
3060000000;benzyna silnikowa bezołowiowa, 95-oktanowa - za 1l;2013;5,51;zł
3060000000;benzyna silnikowa bezołowiowa, 95-oktanowa - za 1l;2014;5,3;zł
3060000000;benzyna silnikowa bezołowiowa, 95-oktanowa - za 1l;2015;4,63;zł
3060000000;bilet normalny na przejazd tramwajem, jednorazowy;1999;0;zł
3060000000;bilet normalny na przejazd tramwajem, jednorazowy;2000;0;zł
3060000000;bilet normalny na przejazd tramwajem, jednorazowy;2001;0;zł
3060000000;bilet normalny na przejazd tramwajem, jednorazowy;2002;0;zł
3060000000;bilet normalny na przejazd tramwajem, jednorazowy;2003;0;zł
3060000000;bilet normalny na przejazd tramwajem, jednorazowy;2004;0;zł
3060000000;bilet normalny na przejazd tramwajem, jednorazowy;2005;0;zł
3060000000;bilet normalny na przejazd tramwajem, jednorazowy;2006;0;zł
3060000000;bilet normalny na przejazd tramwajem, jednorazowy;2007;0;zł
3060000000;bilet normalny na przejazd tramwajem, jednorazowy;2008;0;zł
3060000000;bilet normalny na przejazd tramwajem, jednorazowy;2009;0;zł
3060000000;bilet normalny na przejazd tramwajem, jednorazowy;2010;0;zł
3060000000;bilet normalny na przejazd tramwajem, jednorazowy;2011;0;zł
3060000000;bilet normalny na przejazd tramwajem, jednorazowy;2012;0;zł
3060000000;bilet normalny na przejazd tramwajem, jednorazowy;2013;0;zł
3060000000;bilet normalny na przejazd tramwajem, jednorazowy;2014;0;zł
3060000000;bilet normalny na przejazd tramwajem, jednorazowy;2015;0;zł
3060000000;bilet normalny na przejazd autobusem miejskim, jednorazowy;1999;1,21;zł
3060000000;bilet normalny na przejazd autobusem miejskim, jednorazowy;2000;1,5;zł
3060000000;bilet normalny na przejazd autobusem miejskim, jednorazowy;2001;1,61;zł
3060000000;bilet normalny na przejazd autobusem miejskim, jednorazowy;2002;1,62;zł
3060000000;bilet normalny na przejazd autobusem miejskim, jednorazowy;2003;1,52;zł
3060000000;bilet normalny na przejazd autobusem miejskim, jednorazowy;2004;1,53;zł
3060000000;bilet normalny na przejazd autobusem miejskim, jednorazowy;2005;1,56;zł
3060000000;bilet normalny na przejazd autobusem miejskim, jednorazowy;2006;1,68;zł
3060000000;bilet normalny na przejazd autobusem miejskim, jednorazowy;2007;1,7;zł
3060000000;bilet normalny na przejazd autobusem miejskim, jednorazowy;2008;1,85;zł
3060000000;bilet normalny na przejazd autobusem miejskim, jednorazowy;2009;1,89;zł
3060000000;bilet normalny na przejazd autobusem miejskim, jednorazowy;2010;1,95;zł
3060000000;bilet normalny na przejazd autobusem miejskim, jednorazowy;2011;2,11;zł
3060000000;bilet normalny na przejazd autobusem miejskim, jednorazowy;2012;2,42;zł
3060000000;bilet normalny na przejazd autobusem miejskim, jednorazowy;2013;2,52;zł
3060000000;bilet normalny na przejazd autobusem miejskim, jednorazowy;2014;2,58;zł
3060000000;bilet normalny na przejazd autobusem miejskim, jednorazowy;2015;2,58;zł
3060000000;przejazd taksówką osobową, taryfa dzienna - za 5km;1999;10,56;zł
3060000000;przejazd taksówką osobową, taryfa dzienna - za 5km;2000;12;zł
3060000000;przejazd taksówką osobową, taryfa dzienna - za 5km;2001;12,28;zł
3060000000;przejazd taksówką osobową, taryfa dzienna - za 5km;2002;12,43;zł
3060000000;przejazd taksówką osobową, taryfa dzienna - za 5km;2003;12,4;zł
3060000000;przejazd taksówką osobową, taryfa dzienna - za 5km;2004;12,62;zł
3060000000;przejazd taksówką osobową, taryfa dzienna - za 5km;2005;13,1;zł
3060000000;przejazd taksówką osobową, taryfa dzienna - za 5km;2006;13,29;zł
3060000000;przejazd taksówką osobową, taryfa dzienna - za 5km;2007;13,18;zł
3060000000;przejazd taksówką osobową, taryfa dzienna - za 5km;2008;14,42;zł
3060000000;przejazd taksówką osobową, taryfa dzienna - za 5km;2009;14,97;zł
3060000000;przejazd taksówką osobową, taryfa dzienna - za 5km;2010;15,43;zł
3060000000;przejazd taksówką osobową, taryfa dzienna - za 5km;2011;16,28;zł
3060000000;przejazd taksówką osobową, taryfa dzienna - za 5km;2012;16,75;zł
3060000000;przejazd taksówką osobową, taryfa dzienna - za 5km;2013;16,84;zł
3060000000;przejazd taksówką osobową, taryfa dzienna - za 5km;2014;16,93;zł
3060000000;przejazd taksówką osobową, taryfa dzienna - za 5km;2015;14,89;zł
3180000000;benzyna silnikowa bezołowiowa, 95-oktanowa - za 1l;1999;;zł
3180000000;benzyna silnikowa bezołowiowa, 95-oktanowa - za 1l;2000;;zł
3180000000;benzyna silnikowa bezołowiowa, 95-oktanowa - za 1l;2001;;zł
3180000000;benzyna silnikowa bezołowiowa, 95-oktanowa - za 1l;2002;;zł
3180000000;benzyna silnikowa bezołowiowa, 95-oktanowa - za 1l;2003;;zł
3180000000;benzyna silnikowa bezołowiowa, 95-oktanowa - za 1l;2004;;zł
3180000000;benzyna silnikowa bezołowiowa, 95-oktanowa - za 1l;2005;;zł
3180000000;benzyna silnikowa bezołowiowa, 95-oktanowa - za 1l;2006;;zł
3180000000;benzyna silnikowa bezołowiowa, 95-oktanowa - za 1l;2007;;zł
3180000000;benzyna silnikowa bezołowiowa, 95-oktanowa - za 1l;2008;;zł
3180000000;benzyna silnikowa bezołowiowa, 95-oktanowa - za 1l;2009;;zł
3180000000;benzyna silnikowa bezołowiowa, 95-oktanowa - za 1l;2010;4,67;zł
3180000000;benzyna silnikowa bezołowiowa, 95-oktanowa - za 1l;2011;5,16;zł
3180000000;benzyna silnikowa bezołowiowa, 95-oktanowa - za 1l;2012;5,76;zł
3180000000;benzyna silnikowa bezołowiowa, 95-oktanowa - za 1l;2013;5,53;zł
3180000000;benzyna silnikowa bezołowiowa, 95-oktanowa - za 1l;2014;5,3;zł
3180000000;benzyna silnikowa bezołowiowa, 95-oktanowa - za 1l;2015;4,65;zł
3180000000;bilet normalny na przejazd tramwajem, jednorazowy;1999;0;zł
3180000000;bilet normalny na przejazd tramwajem, jednorazowy;2000;0;zł
3180000000;bilet normalny na przejazd tramwajem, jednorazowy;2001;0;zł
3180000000;bilet normalny na przejazd tramwajem, jednorazowy;2002;0;zł
3180000000;bilet normalny na przejazd tramwajem, jednorazowy;2003;0;zł
3180000000;bilet normalny na przejazd tramwajem, jednorazowy;2004;0;zł
3180000000;bilet normalny na przejazd tramwajem, jednorazowy;2005;0;zł
3180000000;bilet normalny na przejazd tramwajem, jednorazowy;2006;0;zł
3180000000;bilet normalny na przejazd tramwajem, jednorazowy;2007;0;zł
3180000000;bilet normalny na przejazd tramwajem, jednorazowy;2008;0;zł
3180000000;bilet normalny na przejazd tramwajem, jednorazowy;2009;0;zł
3180000000;bilet normalny na przejazd tramwajem, jednorazowy;2010;0;zł
3180000000;bilet normalny na przejazd tramwajem, jednorazowy;2011;0;zł
3180000000;bilet normalny na przejazd tramwajem, jednorazowy;2012;0;zł
3180000000;bilet normalny na przejazd tramwajem, jednorazowy;2013;0;zł
3180000000;bilet normalny na przejazd tramwajem, jednorazowy;2014;0;zł
3180000000;bilet normalny na przejazd tramwajem, jednorazowy;2015;0;zł
3180000000;bilet normalny na przejazd autobusem miejskim, jednorazowy;1999;1,09;zł
3180000000;bilet normalny na przejazd autobusem miejskim, jednorazowy;2000;1,36;zł
3180000000;bilet normalny na przejazd autobusem miejskim, jednorazowy;2001;1,55;zł
3180000000;bilet normalny na przejazd autobusem miejskim, jednorazowy;2002;1,64;zł
3180000000;bilet normalny na przejazd autobusem miejskim, jednorazowy;2003;1,68;zł
3180000000;bilet normalny na przejazd autobusem miejskim, jednorazowy;2004;1,71;zł
3180000000;bilet normalny na przejazd autobusem miejskim, jednorazowy;2005;1,75;zł
3180000000;bilet normalny na przejazd autobusem miejskim, jednorazowy;2006;1,83;zł
3180000000;bilet normalny na przejazd autobusem miejskim, jednorazowy;2007;1,86;zł
3180000000;bilet normalny na przejazd autobusem miejskim, jednorazowy;2008;1,94;zł
3180000000;bilet normalny na przejazd autobusem miejskim, jednorazowy;2009;1,98;zł
3180000000;bilet normalny na przejazd autobusem miejskim, jednorazowy;2010;2,02;zł
3180000000;bilet normalny na przejazd autobusem miejskim, jednorazowy;2011;2,1;zł
3180000000;bilet normalny na przejazd autobusem miejskim, jednorazowy;2012;2,24;zł
3180000000;bilet normalny na przejazd autobusem miejskim, jednorazowy;2013;2,39;zł
3180000000;bilet normalny na przejazd autobusem miejskim, jednorazowy;2014;2,41;zł
3180000000;bilet normalny na przejazd autobusem miejskim, jednorazowy;2015;2,41;zł
3180000000;przejazd taksówką osobową, taryfa dzienna - za 5km;1999;9,94;zł
3180000000;przejazd taksówką osobową, taryfa dzienna - za 5km;2000;11,72;zł
3180000000;przejazd taksówką osobową, taryfa dzienna - za 5km;2001;12,06;zł
3180000000;przejazd taksówką osobową, taryfa dzienna - za 5km;2002;12,2;zł
3180000000;przejazd taksówką osobową, taryfa dzienna - za 5km;2003;12,28;zł
3180000000;przejazd taksówką osobową, taryfa dzienna - za 5km;2004;12,73;zł
3180000000;przejazd taksówką osobową, taryfa dzienna - za 5km;2005;13,11;zł
3180000000;przejazd taksówką osobową, taryfa dzienna - za 5km;2006;12,89;zł
3180000000;przejazd taksówką osobową, taryfa dzienna - za 5km;2007;13,02;zł
3180000000;przejazd taksówką osobową, taryfa dzienna - za 5km;2008;13,4;zł
3180000000;przejazd taksówką osobową, taryfa dzienna - za 5km;2009;13,6;zł
3180000000;przejazd taksówką osobową, taryfa dzienna - za 5km;2010;13,89;zł
3180000000;przejazd taksówką osobową, taryfa dzienna - za 5km;2011;14,12;zł
3180000000;przejazd taksówką osobową, taryfa dzienna - za 5km;2012;14,72;zł
3180000000;przejazd taksówką osobową, taryfa dzienna - za 5km;2013;14,88;zł
3180000000;przejazd taksówką osobową, taryfa dzienna - za 5km;2014;15,04;zł
3180000000;przejazd taksówką osobową, taryfa dzienna - za 5km;2015;15,07;zł
3200000000;benzyna silnikowa bezołowiowa, 95-oktanowa - za 1l;1999;;zł
3200000000;benzyna silnikowa bezołowiowa, 95-oktanowa - za 1l;2000;;zł
3200000000;benzyna silnikowa bezołowiowa, 95-oktanowa - za 1l;2001;;zł
3200000000;benzyna silnikowa bezołowiowa, 95-oktanowa - za 1l;2002;;zł
3200000000;benzyna silnikowa bezołowiowa, 95-oktanowa - za 1l;2003;;zł
3200000000;benzyna silnikowa bezołowiowa, 95-oktanowa - za 1l;2004;;zł
3200000000;benzyna silnikowa bezołowiowa, 95-oktanowa - za 1l;2005;;zł
3200000000;benzyna silnikowa bezołowiowa, 95-oktanowa - za 1l;2006;;zł
3200000000;benzyna silnikowa bezołowiowa, 95-oktanowa - za 1l;2007;;zł
3200000000;benzyna silnikowa bezołowiowa, 95-oktanowa - za 1l;2008;;zł
3200000000;benzyna silnikowa bezołowiowa, 95-oktanowa - za 1l;2009;;zł
3200000000;benzyna silnikowa bezołowiowa, 95-oktanowa - za 1l;2010;4,56;zł
3200000000;benzyna silnikowa bezołowiowa, 95-oktanowa - za 1l;2011;5,12;zł
3200000000;benzyna silnikowa bezołowiowa, 95-oktanowa - za 1l;2012;5,71;zł
3200000000;benzyna silnikowa bezołowiowa, 95-oktanowa - za 1l;2013;5,51;zł
3200000000;benzyna silnikowa bezołowiowa, 95-oktanowa - za 1l;2014;5,31;zł
3200000000;benzyna silnikowa bezołowiowa, 95-oktanowa - za 1l;2015;4,66;zł
3200000000;bilet normalny na przejazd tramwajem, jednorazowy;1999;0;zł
3200000000;bilet normalny na przejazd tramwajem, jednorazowy;2000;0;zł
3200000000;bilet normalny na przejazd tramwajem, jednorazowy;2001;0;zł
3200000000;bilet normalny na przejazd tramwajem, jednorazowy;2002;0;zł
3200000000;bilet normalny na przejazd tramwajem, jednorazowy;2003;0;zł
3200000000;bilet normalny na przejazd tramwajem, jednorazowy;2004;0;zł
3200000000;bilet normalny na przejazd tramwajem, jednorazowy;2005;0;zł
3200000000;bilet normalny na przejazd tramwajem, jednorazowy;2006;0;zł
3200000000;bilet normalny na przejazd tramwajem, jednorazowy;2007;0;zł
3200000000;bilet normalny na przejazd tramwajem, jednorazowy;2008;0;zł
3200000000;bilet normalny na przejazd tramwajem, jednorazowy;2009;0;zł
3200000000;bilet normalny na przejazd tramwajem, jednorazowy;2010;0;zł
3200000000;bilet normalny na przejazd tramwajem, jednorazowy;2011;0;zł
3200000000;bilet normalny na przejazd tramwajem, jednorazowy;2012;0;zł
3200000000;bilet normalny na przejazd tramwajem, jednorazowy;2013;0;zł
3200000000;bilet normalny na przejazd tramwajem, jednorazowy;2014;0;zł
3200000000;bilet normalny na przejazd tramwajem, jednorazowy;2015;0;zł
3200000000;bilet normalny na przejazd autobusem miejskim, jednorazowy;1999;1,17;zł
3200000000;bilet normalny na przejazd autobusem miejskim, jednorazowy;2000;1,43;zł
3200000000;bilet normalny na przejazd autobusem miejskim, jednorazowy;2001;1,61;zł
3200000000;bilet normalny na przejazd autobusem miejskim, jednorazowy;2002;1,68;zł
3200000000;bilet normalny na przejazd autobusem miejskim, jednorazowy;2003;1,7;zł
3200000000;bilet normalny na przejazd autobusem miejskim, jednorazowy;2004;1,73;zł
3200000000;bilet normalny na przejazd autobusem miejskim, jednorazowy;2005;1,77;zł
3200000000;bilet normalny na przejazd autobusem miejskim, jednorazowy;2006;1,82;zł
3200000000;bilet normalny na przejazd autobusem miejskim, jednorazowy;2007;1,84;zł
3200000000;bilet normalny na przejazd autobusem miejskim, jednorazowy;2008;1,92;zł
3200000000;bilet normalny na przejazd autobusem miejskim, jednorazowy;2009;2;zł
3200000000;bilet normalny na przejazd autobusem miejskim, jednorazowy;2010;2,03;zł
3200000000;bilet normalny na przejazd autobusem miejskim, jednorazowy;2011;2,09;zł
3200000000;bilet normalny na przejazd autobusem miejskim, jednorazowy;2012;2,25;zł
3200000000;bilet normalny na przejazd autobusem miejskim, jednorazowy;2013;2,3;zł
3200000000;bilet normalny na przejazd autobusem miejskim, jednorazowy;2014;2,31;zł
3200000000;bilet normalny na przejazd autobusem miejskim, jednorazowy;2015;2,31;zł
3200000000;przejazd taksówką osobową, taryfa dzienna - za 5km;1999;10,93;zł
3200000000;przejazd taksówką osobową, taryfa dzienna - za 5km;2000;12,41;zł
3200000000;przejazd taksówką osobową, taryfa dzienna - za 5km;2001;12,62;zł
3200000000;przejazd taksówką osobową, taryfa dzienna - za 5km;2002;11,51;zł
3200000000;przejazd taksówką osobową, taryfa dzienna - za 5km;2003;11,63;zł
3200000000;przejazd taksówką osobową, taryfa dzienna - za 5km;2004;12,03;zł
3200000000;przejazd taksówką osobową, taryfa dzienna - za 5km;2005;11,74;zł
3200000000;przejazd taksówką osobową, taryfa dzienna - za 5km;2006;11,72;zł
3200000000;przejazd taksówką osobową, taryfa dzienna - za 5km;2007;11,64;zł
3200000000;przejazd taksówką osobową, taryfa dzienna - za 5km;2008;12,61;zł
3200000000;przejazd taksówką osobową, taryfa dzienna - za 5km;2009;13,22;zł
3200000000;przejazd taksówką osobową, taryfa dzienna - za 5km;2010;13,43;zł
3200000000;przejazd taksówką osobową, taryfa dzienna - za 5km;2011;13,53;zł
3200000000;przejazd taksówką osobową, taryfa dzienna - za 5km;2012;15,06;zł
3200000000;przejazd taksówką osobową, taryfa dzienna - za 5km;2013;15,44;zł
3200000000;przejazd taksówką osobową, taryfa dzienna - za 5km;2014;15,14;zł
3200000000;przejazd taksówką osobową, taryfa dzienna - za 5km;2015;15,28;zł
3260000000;benzyna silnikowa bezołowiowa, 95-oktanowa - za 1l;1999;;zł
3260000000;benzyna silnikowa bezołowiowa, 95-oktanowa - za 1l;2000;;zł
3260000000;benzyna silnikowa bezołowiowa, 95-oktanowa - za 1l;2001;;zł
3260000000;benzyna silnikowa bezołowiowa, 95-oktanowa - za 1l;2002;;zł
3260000000;benzyna silnikowa bezołowiowa, 95-oktanowa - za 1l;2003;;zł
3260000000;benzyna silnikowa bezołowiowa, 95-oktanowa - za 1l;2004;;zł
3260000000;benzyna silnikowa bezołowiowa, 95-oktanowa - za 1l;2005;;zł
3260000000;benzyna silnikowa bezołowiowa, 95-oktanowa - za 1l;2006;;zł
3260000000;benzyna silnikowa bezołowiowa, 95-oktanowa - za 1l;2007;;zł
3260000000;benzyna silnikowa bezołowiowa, 95-oktanowa - za 1l;2008;;zł
3260000000;benzyna silnikowa bezołowiowa, 95-oktanowa - za 1l;2009;;zł
3260000000;benzyna silnikowa bezołowiowa, 95-oktanowa - za 1l;2010;4,6;zł
3260000000;benzyna silnikowa bezołowiowa, 95-oktanowa - za 1l;2011;5,15;zł
3260000000;benzyna silnikowa bezołowiowa, 95-oktanowa - za 1l;2012;5,73;zł
3260000000;benzyna silnikowa bezołowiowa, 95-oktanowa - za 1l;2013;5,5;zł
3260000000;benzyna silnikowa bezołowiowa, 95-oktanowa - za 1l;2014;5,3;zł
3260000000;benzyna silnikowa bezołowiowa, 95-oktanowa - za 1l;2015;4,63;zł
3260000000;bilet normalny na przejazd tramwajem, jednorazowy;1999;0;zł
3260000000;bilet normalny na przejazd tramwajem, jednorazowy;2000;0;zł
3260000000;bilet normalny na przejazd tramwajem, jednorazowy;2001;0;zł
3260000000;bilet normalny na przejazd tramwajem, jednorazowy;2002;0;zł
3260000000;bilet normalny na przejazd tramwajem, jednorazowy;2003;0;zł
3260000000;bilet normalny na przejazd tramwajem, jednorazowy;2004;0;zł
3260000000;bilet normalny na przejazd tramwajem, jednorazowy;2005;0;zł
3260000000;bilet normalny na przejazd tramwajem, jednorazowy;2006;0;zł
3260000000;bilet normalny na przejazd tramwajem, jednorazowy;2007;0;zł
3260000000;bilet normalny na przejazd tramwajem, jednorazowy;2008;0;zł
3260000000;bilet normalny na przejazd tramwajem, jednorazowy;2009;0;zł
3260000000;bilet normalny na przejazd tramwajem, jednorazowy;2010;0;zł
3260000000;bilet normalny na przejazd tramwajem, jednorazowy;2011;0;zł
3260000000;bilet normalny na przejazd tramwajem, jednorazowy;2012;0;zł
3260000000;bilet normalny na przejazd tramwajem, jednorazowy;2013;0;zł
3260000000;bilet normalny na przejazd tramwajem, jednorazowy;2014;0;zł
3260000000;bilet normalny na przejazd tramwajem, jednorazowy;2015;0;zł
3260000000;bilet normalny na przejazd autobusem miejskim, jednorazowy;1999;1,21;zł
3260000000;bilet normalny na przejazd autobusem miejskim, jednorazowy;2000;1,47;zł
3260000000;bilet normalny na przejazd autobusem miejskim, jednorazowy;2001;1,66;zł
3260000000;bilet normalny na przejazd autobusem miejskim, jednorazowy;2002;1,65;zł
3260000000;bilet normalny na przejazd autobusem miejskim, jednorazowy;2003;1,66;zł
3260000000;bilet normalny na przejazd autobusem miejskim, jednorazowy;2004;1,68;zł
3260000000;bilet normalny na przejazd autobusem miejskim, jednorazowy;2005;1,72;zł
3260000000;bilet normalny na przejazd autobusem miejskim, jednorazowy;2006;1,88;zł
3260000000;bilet normalny na przejazd autobusem miejskim, jednorazowy;2007;1,89;zł
3260000000;bilet normalny na przejazd autobusem miejskim, jednorazowy;2008;1,91;zł
3260000000;bilet normalny na przejazd autobusem miejskim, jednorazowy;2009;2;zł
3260000000;bilet normalny na przejazd autobusem miejskim, jednorazowy;2010;2;zł
3260000000;bilet normalny na przejazd autobusem miejskim, jednorazowy;2011;2,07;zł
3260000000;bilet normalny na przejazd autobusem miejskim, jednorazowy;2012;2,21;zł
3260000000;bilet normalny na przejazd autobusem miejskim, jednorazowy;2013;2,47;zł
3260000000;bilet normalny na przejazd autobusem miejskim, jednorazowy;2014;2,46;zł
3260000000;bilet normalny na przejazd autobusem miejskim, jednorazowy;2015;2,33;zł
3260000000;przejazd taksówką osobową, taryfa dzienna - za 5km;1999;9,41;zł
3260000000;przejazd taksówką osobową, taryfa dzienna - za 5km;2000;10,83;zł
3260000000;przejazd taksówką osobową, taryfa dzienna - za 5km;2001;12,67;zł
3260000000;przejazd taksówką osobową, taryfa dzienna - za 5km;2002;12,68;zł
3260000000;przejazd taksówką osobową, taryfa dzienna - za 5km;2003;12,55;zł
3260000000;przejazd taksówką osobową, taryfa dzienna - za 5km;2004;12,78;zł
3260000000;przejazd taksówką osobową, taryfa dzienna - za 5km;2005;13,03;zł
3260000000;przejazd taksówką osobową, taryfa dzienna - za 5km;2006;12,7;zł
3260000000;przejazd taksówką osobową, taryfa dzienna - za 5km;2007;13,1;zł
3260000000;przejazd taksówką osobową, taryfa dzienna - za 5km;2008;13,73;zł
3260000000;przejazd taksówką osobową, taryfa dzienna - za 5km;2009;14,7;zł
3260000000;przejazd taksówką osobową, taryfa dzienna - za 5km;2010;14,63;zł
3260000000;przejazd taksówką osobową, taryfa dzienna - za 5km;2011;17,23;zł
3260000000;przejazd taksówką osobową, taryfa dzienna - za 5km;2012;17,58;zł
3260000000;przejazd taksówką osobową, taryfa dzienna - za 5km;2013;17,13;zł
3260000000;przejazd taksówką osobową, taryfa dzienna - za 5km;2014;16,8;zł
3260000000;przejazd taksówką osobową, taryfa dzienna - za 5km;2015;18,06;zł
4080000000;benzyna silnikowa bezołowiowa, 95-oktanowa - za 1l;1999;;zł
4080000000;benzyna silnikowa bezołowiowa, 95-oktanowa - za 1l;2000;;zł
4080000000;benzyna silnikowa bezołowiowa, 95-oktanowa - za 1l;2001;;zł
4080000000;benzyna silnikowa bezołowiowa, 95-oktanowa - za 1l;2002;;zł
4080000000;benzyna silnikowa bezołowiowa, 95-oktanowa - za 1l;2003;;zł
4080000000;benzyna silnikowa bezołowiowa, 95-oktanowa - za 1l;2004;;zł
4080000000;benzyna silnikowa bezołowiowa, 95-oktanowa - za 1l;2005;;zł
4080000000;benzyna silnikowa bezołowiowa, 95-oktanowa - za 1l;2006;;zł
4080000000;benzyna silnikowa bezołowiowa, 95-oktanowa - za 1l;2007;;zł
4080000000;benzyna silnikowa bezołowiowa, 95-oktanowa - za 1l;2008;;zł
4080000000;benzyna silnikowa bezołowiowa, 95-oktanowa - za 1l;2009;;zł
4080000000;benzyna silnikowa bezołowiowa, 95-oktanowa - za 1l;2010;4,57;zł
4080000000;benzyna silnikowa bezołowiowa, 95-oktanowa - za 1l;2011;5,14;zł
4080000000;benzyna silnikowa bezołowiowa, 95-oktanowa - za 1l;2012;5,74;zł
4080000000;benzyna silnikowa bezołowiowa, 95-oktanowa - za 1l;2013;5,52;zł
4080000000;benzyna silnikowa bezołowiowa, 95-oktanowa - za 1l;2014;5,31;zł
4080000000;benzyna silnikowa bezołowiowa, 95-oktanowa - za 1l;2015;4,63;zł
4080000000;bilet normalny na przejazd tramwajem, jednorazowy;1999;1,4;zł
4080000000;bilet normalny na przejazd tramwajem, jednorazowy;2000;1,5;zł
4080000000;bilet normalny na przejazd tramwajem, jednorazowy;2001;1,7;zł
4080000000;bilet normalny na przejazd tramwajem, jednorazowy;2002;1,8;zł
4080000000;bilet normalny na przejazd tramwajem, jednorazowy;2003;1,8;zł
4080000000;bilet normalny na przejazd tramwajem, jednorazowy;2004;1,8;zł
4080000000;bilet normalny na przejazd tramwajem, jednorazowy;2005;1,9;zł
4080000000;bilet normalny na przejazd tramwajem, jednorazowy;2006;1,9;zł
4080000000;bilet normalny na przejazd tramwajem, jednorazowy;2007;2;zł
4080000000;bilet normalny na przejazd tramwajem, jednorazowy;2008;2,1;zł
4080000000;bilet normalny na przejazd tramwajem, jednorazowy;2009;2,1;zł
4080000000;bilet normalny na przejazd tramwajem, jednorazowy;2010;2,2;zł
4080000000;bilet normalny na przejazd tramwajem, jednorazowy;2011;2,5;zł
4080000000;bilet normalny na przejazd tramwajem, jednorazowy;2012;2,6;zł
4080000000;bilet normalny na przejazd tramwajem, jednorazowy;2013;2,9;zł
4080000000;bilet normalny na przejazd tramwajem, jednorazowy;2014;2,95;zł
4080000000;bilet normalny na przejazd tramwajem, jednorazowy;2015;3;zł
4080000000;bilet normalny na przejazd autobusem miejskim, jednorazowy;1999;1,28;zł
4080000000;bilet normalny na przejazd autobusem miejskim, jednorazowy;2000;1,55;zł
4080000000;bilet normalny na przejazd autobusem miejskim, jednorazowy;2001;1,71;zł
4080000000;bilet normalny na przejazd autobusem miejskim, jednorazowy;2002;1,78;zł
4080000000;bilet normalny na przejazd autobusem miejskim, jednorazowy;2003;1,82;zł
4080000000;bilet normalny na przejazd autobusem miejskim, jednorazowy;2004;1,82;zł
4080000000;bilet normalny na przejazd autobusem miejskim, jednorazowy;2005;1,94;zł
4080000000;bilet normalny na przejazd autobusem miejskim, jednorazowy;2006;1,97;zł
4080000000;bilet normalny na przejazd autobusem miejskim, jednorazowy;2007;2,02;zł
4080000000;bilet normalny na przejazd autobusem miejskim, jednorazowy;2008;2,07;zł
4080000000;bilet normalny na przejazd autobusem miejskim, jednorazowy;2009;2,08;zł
4080000000;bilet normalny na przejazd autobusem miejskim, jednorazowy;2010;2,12;zł
4080000000;bilet normalny na przejazd autobusem miejskim, jednorazowy;2011;2,31;zł
4080000000;bilet normalny na przejazd autobusem miejskim, jednorazowy;2012;2,66;zł
4080000000;bilet normalny na przejazd autobusem miejskim, jednorazowy;2013;2,66;zł
4080000000;bilet normalny na przejazd autobusem miejskim, jednorazowy;2014;2,61;zł
4080000000;bilet normalny na przejazd autobusem miejskim, jednorazowy;2015;2,62;zł
4080000000;przejazd taksówką osobową, taryfa dzienna - za 5km;1999;10,81;zł
4080000000;przejazd taksówką osobową, taryfa dzienna - za 5km;2000;12,71;zł
4080000000;przejazd taksówką osobową, taryfa dzienna - za 5km;2001;13,74;zł
4080000000;przejazd taksówką osobową, taryfa dzienna - za 5km;2002;12,9;zł
4080000000;przejazd taksówką osobową, taryfa dzienna - za 5km;2003;13,65;zł
4080000000;przejazd taksówką osobową, taryfa dzienna - za 5km;2004;13,29;zł
4080000000;przejazd taksówką osobową, taryfa dzienna - za 5km;2005;12,63;zł
4080000000;przejazd taksówką osobową, taryfa dzienna - za 5km;2006;12,82;zł
4080000000;przejazd taksówką osobową, taryfa dzienna - za 5km;2007;13,07;zł
4080000000;przejazd taksówką osobową, taryfa dzienna - za 5km;2008;13,96;zł
4080000000;przejazd taksówką osobową, taryfa dzienna - za 5km;2009;14,8;zł
4080000000;przejazd taksówką osobową, taryfa dzienna - za 5km;2010;15,08;zł
4080000000;przejazd taksówką osobową, taryfa dzienna - za 5km;2011;17,31;zł
4080000000;przejazd taksówką osobową, taryfa dzienna - za 5km;2012;17,71;zł
4080000000;przejazd taksówką osobową, taryfa dzienna - za 5km;2013;17,78;zł
4080000000;przejazd taksówką osobową, taryfa dzienna - za 5km;2014;17,78;zł
4080000000;przejazd taksówką osobową, taryfa dzienna - za 5km;2015;17,56;zł
4300000000;benzyna silnikowa bezołowiowa, 95-oktanowa - za 1l;1999;;zł
4300000000;benzyna silnikowa bezołowiowa, 95-oktanowa - za 1l;2000;;zł
4300000000;benzyna silnikowa bezołowiowa, 95-oktanowa - za 1l;2001;;zł
4300000000;benzyna silnikowa bezołowiowa, 95-oktanowa - za 1l;2002;;zł
4300000000;benzyna silnikowa bezołowiowa, 95-oktanowa - za 1l;2003;;zł
4300000000;benzyna silnikowa bezołowiowa, 95-oktanowa - za 1l;2004;;zł
4300000000;benzyna silnikowa bezołowiowa, 95-oktanowa - za 1l;2005;;zł
4300000000;benzyna silnikowa bezołowiowa, 95-oktanowa - za 1l;2006;;zł
4300000000;benzyna silnikowa bezołowiowa, 95-oktanowa - za 1l;2007;;zł
4300000000;benzyna silnikowa bezołowiowa, 95-oktanowa - za 1l;2008;;zł
4300000000;benzyna silnikowa bezołowiowa, 95-oktanowa - za 1l;2009;;zł
4300000000;benzyna silnikowa bezołowiowa, 95-oktanowa - za 1l;2010;4,54;zł
4300000000;benzyna silnikowa bezołowiowa, 95-oktanowa - za 1l;2011;5,14;zł
4300000000;benzyna silnikowa bezołowiowa, 95-oktanowa - za 1l;2012;5,72;zł
4300000000;benzyna silnikowa bezołowiowa, 95-oktanowa - za 1l;2013;5,5;zł
4300000000;benzyna silnikowa bezołowiowa, 95-oktanowa - za 1l;2014;5,29;zł
4300000000;benzyna silnikowa bezołowiowa, 95-oktanowa - za 1l;2015;4,67;zł
4300000000;bilet normalny na przejazd tramwajem, jednorazowy;1999;1,56;zł
4300000000;bilet normalny na przejazd tramwajem, jednorazowy;2000;1,47;zł
4300000000;bilet normalny na przejazd tramwajem, jednorazowy;2001;1,66;zł
4300000000;bilet normalny na przejazd tramwajem, jednorazowy;2002;1,67;zł
4300000000;bilet normalny na przejazd tramwajem, jednorazowy;2003;1,79;zł
4300000000;bilet normalny na przejazd tramwajem, jednorazowy;2004;1,97;zł
4300000000;bilet normalny na przejazd tramwajem, jednorazowy;2005;2,13;zł
4300000000;bilet normalny na przejazd tramwajem, jednorazowy;2006;1,95;zł
4300000000;bilet normalny na przejazd tramwajem, jednorazowy;2007;1,95;zł
4300000000;bilet normalny na przejazd tramwajem, jednorazowy;2008;2,66;zł
4300000000;bilet normalny na przejazd tramwajem, jednorazowy;2009;2,8;zł
4300000000;bilet normalny na przejazd tramwajem, jednorazowy;2010;2,59;zł
4300000000;bilet normalny na przejazd tramwajem, jednorazowy;2011;2,5;zł
4300000000;bilet normalny na przejazd tramwajem, jednorazowy;2012;2,79;zł
4300000000;bilet normalny na przejazd tramwajem, jednorazowy;2013;3,2;zł
4300000000;bilet normalny na przejazd tramwajem, jednorazowy;2014;3,5;zł
4300000000;bilet normalny na przejazd tramwajem, jednorazowy;2015;3,8;zł
4300000000;bilet normalny na przejazd autobusem miejskim, jednorazowy;1999;1,25;zł
4300000000;bilet normalny na przejazd autobusem miejskim, jednorazowy;2000;1,44;zł
4300000000;bilet normalny na przejazd autobusem miejskim, jednorazowy;2001;1,59;zł
4300000000;bilet normalny na przejazd autobusem miejskim, jednorazowy;2002;1,73;zł
4300000000;bilet normalny na przejazd autobusem miejskim, jednorazowy;2003;1,79;zł
4300000000;bilet normalny na przejazd autobusem miejskim, jednorazowy;2004;1,85;zł
4300000000;bilet normalny na przejazd autobusem miejskim, jednorazowy;2005;1,97;zł
4300000000;bilet normalny na przejazd autobusem miejskim, jednorazowy;2006;2,01;zł
4300000000;bilet normalny na przejazd autobusem miejskim, jednorazowy;2007;2,04;zł
4300000000;bilet normalny na przejazd autobusem miejskim, jednorazowy;2008;2,33;zł
4300000000;bilet normalny na przejazd autobusem miejskim, jednorazowy;2009;2,4;zł
4300000000;bilet normalny na przejazd autobusem miejskim, jednorazowy;2010;2,4;zł
4300000000;bilet normalny na przejazd autobusem miejskim, jednorazowy;2011;2,49;zł
4300000000;bilet normalny na przejazd autobusem miejskim, jednorazowy;2012;2,8;zł
4300000000;bilet normalny na przejazd autobusem miejskim, jednorazowy;2013;2,95;zł
4300000000;bilet normalny na przejazd autobusem miejskim, jednorazowy;2014;2,99;zł
4300000000;bilet normalny na przejazd autobusem miejskim, jednorazowy;2015;3,03;zł
4300000000;przejazd taksówką osobową, taryfa dzienna - za 5km;1999;9,38;zł
4300000000;przejazd taksówką osobową, taryfa dzienna - za 5km;2000;11,12;zł
4300000000;przejazd taksówką osobową, taryfa dzienna - za 5km;2001;11,21;zł
4300000000;przejazd taksówką osobową, taryfa dzienna - za 5km;2002;11,04;zł
4300000000;przejazd taksówką osobową, taryfa dzienna - za 5km;2003;11,26;zł
4300000000;przejazd taksówką osobową, taryfa dzienna - za 5km;2004;11,68;zł
4300000000;przejazd taksówką osobową, taryfa dzienna - za 5km;2005;12,1;zł
4300000000;przejazd taksówką osobową, taryfa dzienna - za 5km;2006;11,93;zł
4300000000;przejazd taksówką osobową, taryfa dzienna - za 5km;2007;12,42;zł
4300000000;przejazd taksówką osobową, taryfa dzienna - za 5km;2008;13,52;zł
4300000000;przejazd taksówką osobową, taryfa dzienna - za 5km;2009;13,78;zł
4300000000;przejazd taksówką osobową, taryfa dzienna - za 5km;2010;14,23;zł
4300000000;przejazd taksówką osobową, taryfa dzienna - za 5km;2011;14,5;zł
4300000000;przejazd taksówką osobową, taryfa dzienna - za 5km;2012;15,39;zł
4300000000;przejazd taksówką osobową, taryfa dzienna - za 5km;2013;15,59;zł
4300000000;przejazd taksówką osobową, taryfa dzienna - za 5km;2014;15,58;zł
4300000000;przejazd taksówką osobową, taryfa dzienna - za 5km;2015;15,31;zł
4320000000;benzyna silnikowa bezołowiowa, 95-oktanowa - za 1l;1999;;zł
4320000000;benzyna silnikowa bezołowiowa, 95-oktanowa - za 1l;2000;;zł
4320000000;benzyna silnikowa bezołowiowa, 95-oktanowa - za 1l;2001;;zł
4320000000;benzyna silnikowa bezołowiowa, 95-oktanowa - za 1l;2002;;zł
4320000000;benzyna silnikowa bezołowiowa, 95-oktanowa - za 1l;2003;;zł
4320000000;benzyna silnikowa bezołowiowa, 95-oktanowa - za 1l;2004;;zł
4320000000;benzyna silnikowa bezołowiowa, 95-oktanowa - za 1l;2005;;zł
4320000000;benzyna silnikowa bezołowiowa, 95-oktanowa - za 1l;2006;;zł
4320000000;benzyna silnikowa bezołowiowa, 95-oktanowa - za 1l;2007;;zł
4320000000;benzyna silnikowa bezołowiowa, 95-oktanowa - za 1l;2008;;zł
4320000000;benzyna silnikowa bezołowiowa, 95-oktanowa - za 1l;2009;;zł
4320000000;benzyna silnikowa bezołowiowa, 95-oktanowa - za 1l;2010;4,62;zł
4320000000;benzyna silnikowa bezołowiowa, 95-oktanowa - za 1l;2011;5,15;zł
4320000000;benzyna silnikowa bezołowiowa, 95-oktanowa - za 1l;2012;5,76;zł
4320000000;benzyna silnikowa bezołowiowa, 95-oktanowa - za 1l;2013;5,58;zł
4320000000;benzyna silnikowa bezołowiowa, 95-oktanowa - za 1l;2014;5,38;zł
4320000000;benzyna silnikowa bezołowiowa, 95-oktanowa - za 1l;2015;4,73;zł
4320000000;bilet normalny na przejazd tramwajem, jednorazowy;1999;1,73;zł
4320000000;bilet normalny na przejazd tramwajem, jednorazowy;2000;1,53;zł
4320000000;bilet normalny na przejazd tramwajem, jednorazowy;2001;1,68;zł
4320000000;bilet normalny na przejazd tramwajem, jednorazowy;2002;1,88;zł
4320000000;bilet normalny na przejazd tramwajem, jednorazowy;2003;1,9;zł
4320000000;bilet normalny na przejazd tramwajem, jednorazowy;2004;1,9;zł
4320000000;bilet normalny na przejazd tramwajem, jednorazowy;2005;1,9;zł
4320000000;bilet normalny na przejazd tramwajem, jednorazowy;2006;1,9;zł
4320000000;bilet normalny na przejazd tramwajem, jednorazowy;2007;2,1;zł
4320000000;bilet normalny na przejazd tramwajem, jednorazowy;2008;2,2;zł
4320000000;bilet normalny na przejazd tramwajem, jednorazowy;2009;2,2;zł
4320000000;bilet normalny na przejazd tramwajem, jednorazowy;2010;2,2;zł
4320000000;bilet normalny na przejazd tramwajem, jednorazowy;2011;2,2;zł
4320000000;bilet normalny na przejazd tramwajem, jednorazowy;2012;2,03;zł
4320000000;bilet normalny na przejazd tramwajem, jednorazowy;2013;2;zł
4320000000;bilet normalny na przejazd tramwajem, jednorazowy;2014;2;zł
4320000000;bilet normalny na przejazd tramwajem, jednorazowy;2015;2;zł
4320000000;bilet normalny na przejazd autobusem miejskim, jednorazowy;1999;1,25;zł
4320000000;bilet normalny na przejazd autobusem miejskim, jednorazowy;2000;1,4;zł
4320000000;bilet normalny na przejazd autobusem miejskim, jednorazowy;2001;1,59;zł
4320000000;bilet normalny na przejazd autobusem miejskim, jednorazowy;2002;1,7;zł
4320000000;bilet normalny na przejazd autobusem miejskim, jednorazowy;2003;1,71;zł
4320000000;bilet normalny na przejazd autobusem miejskim, jednorazowy;2004;1,77;zł
4320000000;bilet normalny na przejazd autobusem miejskim, jednorazowy;2005;1,79;zł
4320000000;bilet normalny na przejazd autobusem miejskim, jednorazowy;2006;1,8;zł
4320000000;bilet normalny na przejazd autobusem miejskim, jednorazowy;2007;1,86;zł
4320000000;bilet normalny na przejazd autobusem miejskim, jednorazowy;2008;1,95;zł
4320000000;bilet normalny na przejazd autobusem miejskim, jednorazowy;2009;2,01;zł
4320000000;bilet normalny na przejazd autobusem miejskim, jednorazowy;2010;2,01;zł
4320000000;bilet normalny na przejazd autobusem miejskim, jednorazowy;2011;2,11;zł
4320000000;bilet normalny na przejazd autobusem miejskim, jednorazowy;2012;2,29;zł
4320000000;bilet normalny na przejazd autobusem miejskim, jednorazowy;2013;2,41;zł
4320000000;bilet normalny na przejazd autobusem miejskim, jednorazowy;2014;2,43;zł
4320000000;bilet normalny na przejazd autobusem miejskim, jednorazowy;2015;2,5;zł
4320000000;przejazd taksówką osobową, taryfa dzienna - za 5km;1999;10,79;zł
4320000000;przejazd taksówką osobową, taryfa dzienna - za 5km;2000;12,31;zł
4320000000;przejazd taksówką osobową, taryfa dzienna - za 5km;2001;12,84;zł
4320000000;przejazd taksówką osobową, taryfa dzienna - za 5km;2002;12,86;zł
4320000000;przejazd taksówką osobową, taryfa dzienna - za 5km;2003;12,78;zł
4320000000;przejazd taksówką osobową, taryfa dzienna - za 5km;2004;13,28;zł
4320000000;przejazd taksówką osobową, taryfa dzienna - za 5km;2005;13,31;zł
4320000000;przejazd taksówką osobową, taryfa dzienna - za 5km;2006;13,17;zł
4320000000;przejazd taksówką osobową, taryfa dzienna - za 5km;2007;13,34;zł
4320000000;przejazd taksówką osobową, taryfa dzienna - za 5km;2008;13,71;zł
4320000000;przejazd taksówką osobową, taryfa dzienna - za 5km;2009;14,43;zł
4320000000;przejazd taksówką osobową, taryfa dzienna - za 5km;2010;15,22;zł
4320000000;przejazd taksówką osobową, taryfa dzienna - za 5km;2011;15,76;zł
4320000000;przejazd taksówką osobową, taryfa dzienna - za 5km;2012;15,77;zł
4320000000;przejazd taksówką osobową, taryfa dzienna - za 5km;2013;15,78;zł
4320000000;przejazd taksówką osobową, taryfa dzienna - za 5km;2014;15,65;zł
4320000000;przejazd taksówką osobową, taryfa dzienna - za 5km;2015;15,52;zł
5020000000;benzyna silnikowa bezołowiowa, 95-oktanowa - za 1l;1999;;zł
5020000000;benzyna silnikowa bezołowiowa, 95-oktanowa - za 1l;2000;;zł
5020000000;benzyna silnikowa bezołowiowa, 95-oktanowa - za 1l;2001;;zł
5020000000;benzyna silnikowa bezołowiowa, 95-oktanowa - za 1l;2002;;zł
5020000000;benzyna silnikowa bezołowiowa, 95-oktanowa - za 1l;2003;;zł
5020000000;benzyna silnikowa bezołowiowa, 95-oktanowa - za 1l;2004;;zł
5020000000;benzyna silnikowa bezołowiowa, 95-oktanowa - za 1l;2005;;zł
5020000000;benzyna silnikowa bezołowiowa, 95-oktanowa - za 1l;2006;;zł
5020000000;benzyna silnikowa bezołowiowa, 95-oktanowa - za 1l;2007;;zł
5020000000;benzyna silnikowa bezołowiowa, 95-oktanowa - za 1l;2008;;zł
5020000000;benzyna silnikowa bezołowiowa, 95-oktanowa - za 1l;2009;;zł
5020000000;benzyna silnikowa bezołowiowa, 95-oktanowa - za 1l;2010;4,58;zł
5020000000;benzyna silnikowa bezołowiowa, 95-oktanowa - za 1l;2011;5,15;zł
5020000000;benzyna silnikowa bezołowiowa, 95-oktanowa - za 1l;2012;5,72;zł
5020000000;benzyna silnikowa bezołowiowa, 95-oktanowa - za 1l;2013;5,48;zł
5020000000;benzyna silnikowa bezołowiowa, 95-oktanowa - za 1l;2014;5,26;zł
5020000000;benzyna silnikowa bezołowiowa, 95-oktanowa - za 1l;2015;4,64;zł
5020000000;bilet normalny na przejazd tramwajem, jednorazowy;1999;1,5;zł
5020000000;bilet normalny na przejazd tramwajem, jednorazowy;2000;1,68;zł
5020000000;bilet normalny na przejazd tramwajem, jednorazowy;2001;1,82;zł
5020000000;bilet normalny na przejazd tramwajem, jednorazowy;2002;2;zł
5020000000;bilet normalny na przejazd tramwajem, jednorazowy;2003;2,03;zł
5020000000;bilet normalny na przejazd tramwajem, jednorazowy;2004;2;zł
5020000000;bilet normalny na przejazd tramwajem, jednorazowy;2005;2;zł
5020000000;bilet normalny na przejazd tramwajem, jednorazowy;2006;2;zł
5020000000;bilet normalny na przejazd tramwajem, jednorazowy;2007;2;zł
5020000000;bilet normalny na przejazd tramwajem, jednorazowy;2008;2,17;zł
5020000000;bilet normalny na przejazd tramwajem, jednorazowy;2009;2,4;zł
5020000000;bilet normalny na przejazd tramwajem, jednorazowy;2010;2,4;zł
5020000000;bilet normalny na przejazd tramwajem, jednorazowy;2011;2,4;zł
5020000000;bilet normalny na przejazd tramwajem, jednorazowy;2012;2,8;zł
5020000000;bilet normalny na przejazd tramwajem, jednorazowy;2013;3;zł
5020000000;bilet normalny na przejazd tramwajem, jednorazowy;2014;3;zł
5020000000;bilet normalny na przejazd tramwajem, jednorazowy;2015;3;zł
5020000000;bilet normalny na przejazd autobusem miejskim, jednorazowy;1999;1,26;zł
5020000000;bilet normalny na przejazd autobusem miejskim, jednorazowy;2000;1,55;zł
5020000000;bilet normalny na przejazd autobusem miejskim, jednorazowy;2001;1,72;zł
5020000000;bilet normalny na przejazd autobusem miejskim, jednorazowy;2002;1,82;zł
5020000000;bilet normalny na przejazd autobusem miejskim, jednorazowy;2003;1,86;zł
5020000000;bilet normalny na przejazd autobusem miejskim, jednorazowy;2004;1,9;zł
5020000000;bilet normalny na przejazd autobusem miejskim, jednorazowy;2005;1,93;zł
5020000000;bilet normalny na przejazd autobusem miejskim, jednorazowy;2006;1,98;zł
5020000000;bilet normalny na przejazd autobusem miejskim, jednorazowy;2007;2,03;zł
5020000000;bilet normalny na przejazd autobusem miejskim, jednorazowy;2008;2,11;zł
5020000000;bilet normalny na przejazd autobusem miejskim, jednorazowy;2009;2,1;zł
5020000000;bilet normalny na przejazd autobusem miejskim, jednorazowy;2010;2,24;zł
5020000000;bilet normalny na przejazd autobusem miejskim, jednorazowy;2011;2,36;zł
5020000000;bilet normalny na przejazd autobusem miejskim, jednorazowy;2012;2,55;zł
5020000000;bilet normalny na przejazd autobusem miejskim, jednorazowy;2013;2,52;zł
5020000000;bilet normalny na przejazd autobusem miejskim, jednorazowy;2014;2,5;zł
5020000000;bilet normalny na przejazd autobusem miejskim, jednorazowy;2015;2,51;zł
5020000000;przejazd taksówką osobową, taryfa dzienna - za 5km;1999;9,42;zł
5020000000;przejazd taksówką osobową, taryfa dzienna - za 5km;2000;10,82;zł
5020000000;przejazd taksówką osobową, taryfa dzienna - za 5km;2001;11,63;zł
5020000000;przejazd taksówką osobową, taryfa dzienna - za 5km;2002;11,78;zł
5020000000;przejazd taksówką osobową, taryfa dzienna - za 5km;2003;11,8;zł
5020000000;przejazd taksówką osobową, taryfa dzienna - za 5km;2004;12,06;zł
5020000000;przejazd taksówką osobową, taryfa dzienna - za 5km;2005;12,28;zł
5020000000;przejazd taksówką osobową, taryfa dzienna - za 5km;2006;13,1;zł
5020000000;przejazd taksówką osobową, taryfa dzienna - za 5km;2007;13,35;zł
5020000000;przejazd taksówką osobową, taryfa dzienna - za 5km;2008;14,09;zł
5020000000;przejazd taksówką osobową, taryfa dzienna - za 5km;2009;14,51;zł
5020000000;przejazd taksówką osobową, taryfa dzienna - za 5km;2010;15,04;zł
5020000000;przejazd taksówką osobową, taryfa dzienna - za 5km;2011;15,09;zł
5020000000;przejazd taksówką osobową, taryfa dzienna - za 5km;2012;16,26;zł
5020000000;przejazd taksówką osobową, taryfa dzienna - za 5km;2013;16,87;zł
5020000000;przejazd taksówką osobową, taryfa dzienna - za 5km;2014;16,76;zł
5020000000;przejazd taksówką osobową, taryfa dzienna - za 5km;2015;16,74;zł
5160000000;benzyna silnikowa bezołowiowa, 95-oktanowa - za 1l;1999;;zł
5160000000;benzyna silnikowa bezołowiowa, 95-oktanowa - za 1l;2000;;zł
5160000000;benzyna silnikowa bezołowiowa, 95-oktanowa - za 1l;2001;;zł
5160000000;benzyna silnikowa bezołowiowa, 95-oktanowa - za 1l;2002;;zł
5160000000;benzyna silnikowa bezołowiowa, 95-oktanowa - za 1l;2003;;zł
5160000000;benzyna silnikowa bezołowiowa, 95-oktanowa - za 1l;2004;;zł
5160000000;benzyna silnikowa bezołowiowa, 95-oktanowa - za 1l;2005;;zł
5160000000;benzyna silnikowa bezołowiowa, 95-oktanowa - za 1l;2006;;zł
5160000000;benzyna silnikowa bezołowiowa, 95-oktanowa - za 1l;2007;;zł
5160000000;benzyna silnikowa bezołowiowa, 95-oktanowa - za 1l;2008;;zł
5160000000;benzyna silnikowa bezołowiowa, 95-oktanowa - za 1l;2009;;zł
5160000000;benzyna silnikowa bezołowiowa, 95-oktanowa - za 1l;2010;4,62;zł
5160000000;benzyna silnikowa bezołowiowa, 95-oktanowa - za 1l;2011;5,15;zł
5160000000;benzyna silnikowa bezołowiowa, 95-oktanowa - za 1l;2012;5,73;zł
5160000000;benzyna silnikowa bezołowiowa, 95-oktanowa - za 1l;2013;5,51;zł
5160000000;benzyna silnikowa bezołowiowa, 95-oktanowa - za 1l;2014;5,27;zł
5160000000;benzyna silnikowa bezołowiowa, 95-oktanowa - za 1l;2015;4,66;zł
5160000000;bilet normalny na przejazd tramwajem, jednorazowy;1999;0;zł
5160000000;bilet normalny na przejazd tramwajem, jednorazowy;2000;0;zł
5160000000;bilet normalny na przejazd tramwajem, jednorazowy;2001;0;zł
5160000000;bilet normalny na przejazd tramwajem, jednorazowy;2002;0;zł
5160000000;bilet normalny na przejazd tramwajem, jednorazowy;2003;0;zł
5160000000;bilet normalny na przejazd tramwajem, jednorazowy;2004;0;zł
5160000000;bilet normalny na przejazd tramwajem, jednorazowy;2005;0;zł
5160000000;bilet normalny na przejazd tramwajem, jednorazowy;2006;0;zł
5160000000;bilet normalny na przejazd tramwajem, jednorazowy;2007;0;zł
5160000000;bilet normalny na przejazd tramwajem, jednorazowy;2008;0;zł
5160000000;bilet normalny na przejazd tramwajem, jednorazowy;2009;0;zł
5160000000;bilet normalny na przejazd tramwajem, jednorazowy;2010;0;zł
5160000000;bilet normalny na przejazd tramwajem, jednorazowy;2011;0;zł
5160000000;bilet normalny na przejazd tramwajem, jednorazowy;2012;0;zł
5160000000;bilet normalny na przejazd tramwajem, jednorazowy;2013;0;zł
5160000000;bilet normalny na przejazd tramwajem, jednorazowy;2014;0;zł
5160000000;bilet normalny na przejazd tramwajem, jednorazowy;2015;0;zł
5160000000;bilet normalny na przejazd autobusem miejskim, jednorazowy;1999;1,21;zł
5160000000;bilet normalny na przejazd autobusem miejskim, jednorazowy;2000;1,38;zł
5160000000;bilet normalny na przejazd autobusem miejskim, jednorazowy;2001;1,5;zł
5160000000;bilet normalny na przejazd autobusem miejskim, jednorazowy;2002;1,62;zł
5160000000;bilet normalny na przejazd autobusem miejskim, jednorazowy;2003;1,63;zł
5160000000;bilet normalny na przejazd autobusem miejskim, jednorazowy;2004;1,7;zł
5160000000;bilet normalny na przejazd autobusem miejskim, jednorazowy;2005;1,82;zł
5160000000;bilet normalny na przejazd autobusem miejskim, jednorazowy;2006;1,9;zł
5160000000;bilet normalny na przejazd autobusem miejskim, jednorazowy;2007;1,9;zł
5160000000;bilet normalny na przejazd autobusem miejskim, jednorazowy;2008;1,95;zł
5160000000;bilet normalny na przejazd autobusem miejskim, jednorazowy;2009;2,1;zł
5160000000;bilet normalny na przejazd autobusem miejskim, jednorazowy;2010;2,1;zł
5160000000;bilet normalny na przejazd autobusem miejskim, jednorazowy;2011;2,15;zł
5160000000;bilet normalny na przejazd autobusem miejskim, jednorazowy;2012;2,22;zł
5160000000;bilet normalny na przejazd autobusem miejskim, jednorazowy;2013;2,24;zł
5160000000;bilet normalny na przejazd autobusem miejskim, jednorazowy;2014;2,24;zł
5160000000;bilet normalny na przejazd autobusem miejskim, jednorazowy;2015;2,24;zł
5160000000;przejazd taksówką osobową, taryfa dzienna - za 5km;1999;9,41;zł
5160000000;przejazd taksówką osobową, taryfa dzienna - za 5km;2000;12,05;zł
5160000000;przejazd taksówką osobową, taryfa dzienna - za 5km;2001;12,71;zł
5160000000;przejazd taksówką osobową, taryfa dzienna - za 5km;2002;12,6;zł
5160000000;przejazd taksówką osobową, taryfa dzienna - za 5km;2003;13,5;zł
5160000000;przejazd taksówką osobową, taryfa dzienna - za 5km;2004;12,91;zł
5160000000;przejazd taksówką osobową, taryfa dzienna - za 5km;2005;13,12;zł
5160000000;przejazd taksówką osobową, taryfa dzienna - za 5km;2006;13,82;zł
5160000000;przejazd taksówką osobową, taryfa dzienna - za 5km;2007;14,02;zł
5160000000;przejazd taksówką osobową, taryfa dzienna - za 5km;2008;14,68;zł
5160000000;przejazd taksówką osobową, taryfa dzienna - za 5km;2009;16,15;zł
5160000000;przejazd taksówką osobową, taryfa dzienna - za 5km;2010;16,32;zł
5160000000;przejazd taksówką osobową, taryfa dzienna - za 5km;2011;16,64;zł
5160000000;przejazd taksówką osobową, taryfa dzienna - za 5km;2012;17,99;zł
5160000000;przejazd taksówką osobową, taryfa dzienna - za 5km;2013;18,22;zł
5160000000;przejazd taksówką osobową, taryfa dzienna - za 5km;2014;18,31;zł
5160000000;przejazd taksówką osobową, taryfa dzienna - za 5km;2015;16,37;zł
6040000000;benzyna silnikowa bezołowiowa, 95-oktanowa - za 1l;1999;;zł
6040000000;benzyna silnikowa bezołowiowa, 95-oktanowa - za 1l;2000;;zł
6040000000;benzyna silnikowa bezołowiowa, 95-oktanowa - za 1l;2001;;zł
6040000000;benzyna silnikowa bezołowiowa, 95-oktanowa - za 1l;2002;;zł
6040000000;benzyna silnikowa bezołowiowa, 95-oktanowa - za 1l;2003;;zł
6040000000;benzyna silnikowa bezołowiowa, 95-oktanowa - za 1l;2004;;zł
6040000000;benzyna silnikowa bezołowiowa, 95-oktanowa - za 1l;2005;;zł
6040000000;benzyna silnikowa bezołowiowa, 95-oktanowa - za 1l;2006;;zł
6040000000;benzyna silnikowa bezołowiowa, 95-oktanowa - za 1l;2007;;zł
6040000000;benzyna silnikowa bezołowiowa, 95-oktanowa - za 1l;2008;;zł
6040000000;benzyna silnikowa bezołowiowa, 95-oktanowa - za 1l;2009;;zł
6040000000;benzyna silnikowa bezołowiowa, 95-oktanowa - za 1l;2010;4,59;zł
6040000000;benzyna silnikowa bezołowiowa, 95-oktanowa - za 1l;2011;5,14;zł
6040000000;benzyna silnikowa bezołowiowa, 95-oktanowa - za 1l;2012;5,74;zł
6040000000;benzyna silnikowa bezołowiowa, 95-oktanowa - za 1l;2013;5,54;zł
6040000000;benzyna silnikowa bezołowiowa, 95-oktanowa - za 1l;2014;5,31;zł
6040000000;benzyna silnikowa bezołowiowa, 95-oktanowa - za 1l;2015;4,69;zł
6040000000;bilet normalny na przejazd tramwajem, jednorazowy;1999;1,27;zł
6040000000;bilet normalny na przejazd tramwajem, jednorazowy;2000;1,53;zł
6040000000;bilet normalny na przejazd tramwajem, jednorazowy;2001;1,77;zł
6040000000;bilet normalny na przejazd tramwajem, jednorazowy;2002;1,87;zł
6040000000;bilet normalny na przejazd tramwajem, jednorazowy;2003;1,9;zł
6040000000;bilet normalny na przejazd tramwajem, jednorazowy;2004;1,97;zł
6040000000;bilet normalny na przejazd tramwajem, jednorazowy;2005;2,03;zł
6040000000;bilet normalny na przejazd tramwajem, jednorazowy;2006;2,1;zł
6040000000;bilet normalny na przejazd tramwajem, jednorazowy;2007;2,13;zł
6040000000;bilet normalny na przejazd tramwajem, jednorazowy;2008;2,16;zł
6040000000;bilet normalny na przejazd tramwajem, jednorazowy;2009;2,49;zł
6040000000;bilet normalny na przejazd tramwajem, jednorazowy;2010;2,53;zł
6040000000;bilet normalny na przejazd tramwajem, jednorazowy;2011;2,53;zł
6040000000;bilet normalny na przejazd tramwajem, jednorazowy;2012;2,88;zł
6040000000;bilet normalny na przejazd tramwajem, jednorazowy;2013;2,95;zł
6040000000;bilet normalny na przejazd tramwajem, jednorazowy;2014;2,85;zł
6040000000;bilet normalny na przejazd tramwajem, jednorazowy;2015;2,85;zł
6040000000;bilet normalny na przejazd autobusem miejskim, jednorazowy;1999;1,14;zł
6040000000;bilet normalny na przejazd autobusem miejskim, jednorazowy;2000;1,4;zł
6040000000;bilet normalny na przejazd autobusem miejskim, jednorazowy;2001;1,54;zł
6040000000;bilet normalny na przejazd autobusem miejskim, jednorazowy;2002;1,64;zł
6040000000;bilet normalny na przejazd autobusem miejskim, jednorazowy;2003;1,68;zł
6040000000;bilet normalny na przejazd autobusem miejskim, jednorazowy;2004;1,74;zł
6040000000;bilet normalny na przejazd autobusem miejskim, jednorazowy;2005;1,79;zł
6040000000;bilet normalny na przejazd autobusem miejskim, jednorazowy;2006;1,91;zł
6040000000;bilet normalny na przejazd autobusem miejskim, jednorazowy;2007;1,95;zł
6040000000;bilet normalny na przejazd autobusem miejskim, jednorazowy;2008;2,04;zł
6040000000;bilet normalny na przejazd autobusem miejskim, jednorazowy;2009;2,24;zł
6040000000;bilet normalny na przejazd autobusem miejskim, jednorazowy;2010;2,28;zł
6040000000;bilet normalny na przejazd autobusem miejskim, jednorazowy;2011;2,34;zł
6040000000;bilet normalny na przejazd autobusem miejskim, jednorazowy;2012;2,57;zł
6040000000;bilet normalny na przejazd autobusem miejskim, jednorazowy;2013;2,64;zł
6040000000;bilet normalny na przejazd autobusem miejskim, jednorazowy;2014;2,59;zł
6040000000;bilet normalny na przejazd autobusem miejskim, jednorazowy;2015;2,59;zł
6040000000;przejazd taksówką osobową, taryfa dzienna - za 5km;1999;9,33;zł
6040000000;przejazd taksówką osobową, taryfa dzienna - za 5km;2000;9,53;zł
6040000000;przejazd taksówką osobową, taryfa dzienna - za 5km;2001;10,08;zł
6040000000;przejazd taksówką osobową, taryfa dzienna - za 5km;2002;10,6;zł
6040000000;przejazd taksówką osobową, taryfa dzienna - za 5km;2003;10,8;zł
6040000000;przejazd taksówką osobową, taryfa dzienna - za 5km;2004;10,98;zł
6040000000;przejazd taksówką osobową, taryfa dzienna - za 5km;2005;11,03;zł
6040000000;przejazd taksówką osobową, taryfa dzienna - za 5km;2006;11,17;zł
6040000000;przejazd taksówką osobową, taryfa dzienna - za 5km;2007;11,39;zł
6040000000;przejazd taksówką osobową, taryfa dzienna - za 5km;2008;11,83;zł
6040000000;przejazd taksówką osobową, taryfa dzienna - za 5km;2009;12,45;zł
6040000000;przejazd taksówką osobową, taryfa dzienna - za 5km;2010;12,94;zł
6040000000;przejazd taksówką osobową, taryfa dzienna - za 5km;2011;13,73;zł
6040000000;przejazd taksówką osobową, taryfa dzienna - za 5km;2012;14,33;zł
6040000000;przejazd taksówką osobową, taryfa dzienna - za 5km;2013;14,53;zł
6040000000;przejazd taksówką osobową, taryfa dzienna - za 5km;2014;14,72;zł
6040000000;przejazd taksówką osobową, taryfa dzienna - za 5km;2015;14,67;zł
6220000000;benzyna silnikowa bezołowiowa, 95-oktanowa - za 1l;1999;;zł
6220000000;benzyna silnikowa bezołowiowa, 95-oktanowa - za 1l;2000;;zł
6220000000;benzyna silnikowa bezołowiowa, 95-oktanowa - za 1l;2001;;zł
6220000000;benzyna silnikowa bezołowiowa, 95-oktanowa - za 1l;2002;;zł
6220000000;benzyna silnikowa bezołowiowa, 95-oktanowa - za 1l;2003;;zł
6220000000;benzyna silnikowa bezołowiowa, 95-oktanowa - za 1l;2004;;zł
6220000000;benzyna silnikowa bezołowiowa, 95-oktanowa - za 1l;2005;;zł
6220000000;benzyna silnikowa bezołowiowa, 95-oktanowa - za 1l;2006;;zł
6220000000;benzyna silnikowa bezołowiowa, 95-oktanowa - za 1l;2007;;zł
6220000000;benzyna silnikowa bezołowiowa, 95-oktanowa - za 1l;2008;;zł
6220000000;benzyna silnikowa bezołowiowa, 95-oktanowa - za 1l;2009;;zł
6220000000;benzyna silnikowa bezołowiowa, 95-oktanowa - za 1l;2010;4,58;zł
6220000000;benzyna silnikowa bezołowiowa, 95-oktanowa - za 1l;2011;5,14;zł
6220000000;benzyna silnikowa bezołowiowa, 95-oktanowa - za 1l;2012;5,69;zł
6220000000;benzyna silnikowa bezołowiowa, 95-oktanowa - za 1l;2013;5,46;zł
6220000000;benzyna silnikowa bezołowiowa, 95-oktanowa - za 1l;2014;5,25;zł
6220000000;benzyna silnikowa bezołowiowa, 95-oktanowa - za 1l;2015;4,61;zł
6220000000;bilet normalny na przejazd tramwajem, jednorazowy;1999;1,8;zł
6220000000;bilet normalny na przejazd tramwajem, jednorazowy;2000;2;zł
6220000000;bilet normalny na przejazd tramwajem, jednorazowy;2001;2,2;zł
6220000000;bilet normalny na przejazd tramwajem, jednorazowy;2002;2,4;zł
6220000000;bilet normalny na przejazd tramwajem, jednorazowy;2003;2,4;zł
6220000000;bilet normalny na przejazd tramwajem, jednorazowy;2004;2,4;zł
6220000000;bilet normalny na przejazd tramwajem, jednorazowy;2005;2,79;zł
6220000000;bilet normalny na przejazd tramwajem, jednorazowy;2006;2,8;zł
6220000000;bilet normalny na przejazd tramwajem, jednorazowy;2007;2,8;zł
6220000000;bilet normalny na przejazd tramwajem, jednorazowy;2008;2,8;zł
6220000000;bilet normalny na przejazd tramwajem, jednorazowy;2009;2,63;zł
6220000000;bilet normalny na przejazd tramwajem, jednorazowy;2010;2,5;zł
6220000000;bilet normalny na przejazd tramwajem, jednorazowy;2011;2,7;zł
6220000000;bilet normalny na przejazd tramwajem, jednorazowy;2012;2,92;zł
6220000000;bilet normalny na przejazd tramwajem, jednorazowy;2013;3;zł
6220000000;bilet normalny na przejazd tramwajem, jednorazowy;2014;3;zł
6220000000;bilet normalny na przejazd tramwajem, jednorazowy;2015;3;zł
6220000000;bilet normalny na przejazd autobusem miejskim, jednorazowy;1999;1,19;zł
6220000000;bilet normalny na przejazd autobusem miejskim, jednorazowy;2000;1,37;zł
6220000000;bilet normalny na przejazd autobusem miejskim, jednorazowy;2001;1,57;zł
6220000000;bilet normalny na przejazd autobusem miejskim, jednorazowy;2002;1,64;zł
6220000000;bilet normalny na przejazd autobusem miejskim, jednorazowy;2003;1,68;zł
6220000000;bilet normalny na przejazd autobusem miejskim, jednorazowy;2004;1,72;zł
6220000000;bilet normalny na przejazd autobusem miejskim, jednorazowy;2005;1,87;zł
6220000000;bilet normalny na przejazd autobusem miejskim, jednorazowy;2006;1,93;zł
6220000000;bilet normalny na przejazd autobusem miejskim, jednorazowy;2007;1,95;zł
6220000000;bilet normalny na przejazd autobusem miejskim, jednorazowy;2008;2,01;zł
6220000000;bilet normalny na przejazd autobusem miejskim, jednorazowy;2009;2,13;zł
6220000000;bilet normalny na przejazd autobusem miejskim, jednorazowy;2010;2,21;zł
6220000000;bilet normalny na przejazd autobusem miejskim, jednorazowy;2011;2,32;zł
6220000000;bilet normalny na przejazd autobusem miejskim, jednorazowy;2012;2,52;zł
6220000000;bilet normalny na przejazd autobusem miejskim, jednorazowy;2013;2,57;zł
6220000000;bilet normalny na przejazd autobusem miejskim, jednorazowy;2014;2,58;zł
6220000000;bilet normalny na przejazd autobusem miejskim, jednorazowy;2015;2,61;zł
6220000000;przejazd taksówką osobową, taryfa dzienna - za 5km;1999;10,59;zł
6220000000;przejazd taksówką osobową, taryfa dzienna - za 5km;2000;11,89;zł
6220000000;przejazd taksówką osobową, taryfa dzienna - za 5km;2001;12,83;zł
6220000000;przejazd taksówką osobową, taryfa dzienna - za 5km;2002;12,79;zł
6220000000;przejazd taksówką osobową, taryfa dzienna - za 5km;2003;13,22;zł
6220000000;przejazd taksówką osobową, taryfa dzienna - za 5km;2004;14,35;zł
6220000000;przejazd taksówką osobową, taryfa dzienna - za 5km;2005;14,65;zł
6220000000;przejazd taksówką osobową, taryfa dzienna - za 5km;2006;13,98;zł
6220000000;przejazd taksówką osobową, taryfa dzienna - za 5km;2007;14,19;zł
6220000000;przejazd taksówką osobową, taryfa dzienna - za 5km;2008;15,02;zł
6220000000;przejazd taksówką osobową, taryfa dzienna - za 5km;2009;16,95;zł
6220000000;przejazd taksówką osobową, taryfa dzienna - za 5km;2010;16,85;zł
6220000000;przejazd taksówką osobową, taryfa dzienna - za 5km;2011;17,03;zł
6220000000;przejazd taksówką osobową, taryfa dzienna - za 5km;2012;17,01;zł
6220000000;przejazd taksówką osobową, taryfa dzienna - za 5km;2013;17,33;zł
6220000000;przejazd taksówką osobową, taryfa dzienna - za 5km;2014;17,46;zł
6220000000;przejazd taksówką osobową, taryfa dzienna - za 5km;2015;16,76;zł
6280000000;benzyna silnikowa bezołowiowa, 95-oktanowa - za 1l;1999;;zł
6280000000;benzyna silnikowa bezołowiowa, 95-oktanowa - za 1l;2000;;zł
6280000000;benzyna silnikowa bezołowiowa, 95-oktanowa - za 1l;2001;;zł
6280000000;benzyna silnikowa bezołowiowa, 95-oktanowa - za 1l;2002;;zł
6280000000;benzyna silnikowa bezołowiowa, 95-oktanowa - za 1l;2003;;zł
6280000000;benzyna silnikowa bezołowiowa, 95-oktanowa - za 1l;2004;;zł
6280000000;benzyna silnikowa bezołowiowa, 95-oktanowa - za 1l;2005;;zł
6280000000;benzyna silnikowa bezołowiowa, 95-oktanowa - za 1l;2006;;zł
6280000000;benzyna silnikowa bezołowiowa, 95-oktanowa - za 1l;2007;;zł
6280000000;benzyna silnikowa bezołowiowa, 95-oktanowa - za 1l;2008;;zł
6280000000;benzyna silnikowa bezołowiowa, 95-oktanowa - za 1l;2009;;zł
6280000000;benzyna silnikowa bezołowiowa, 95-oktanowa - za 1l;2010;4,61;zł
6280000000;benzyna silnikowa bezołowiowa, 95-oktanowa - za 1l;2011;5,13;zł
6280000000;benzyna silnikowa bezołowiowa, 95-oktanowa - za 1l;2012;5,72;zł
6280000000;benzyna silnikowa bezołowiowa, 95-oktanowa - za 1l;2013;5,5;zł
6280000000;benzyna silnikowa bezołowiowa, 95-oktanowa - za 1l;2014;5,3;zł
6280000000;benzyna silnikowa bezołowiowa, 95-oktanowa - za 1l;2015;4,66;zł
6280000000;bilet normalny na przejazd tramwajem, jednorazowy;1999;1,28;zł
6280000000;bilet normalny na przejazd tramwajem, jednorazowy;2000;1,38;zł
6280000000;bilet normalny na przejazd tramwajem, jednorazowy;2001;1,5;zł
6280000000;bilet normalny na przejazd tramwajem, jednorazowy;2002;1,6;zł
6280000000;bilet normalny na przejazd tramwajem, jednorazowy;2003;1,65;zł
6280000000;bilet normalny na przejazd tramwajem, jednorazowy;2004;1,7;zł
6280000000;bilet normalny na przejazd tramwajem, jednorazowy;2005;1,73;zł
6280000000;bilet normalny na przejazd tramwajem, jednorazowy;2006;1,8;zł
6280000000;bilet normalny na przejazd tramwajem, jednorazowy;2007;1,8;zł
6280000000;bilet normalny na przejazd tramwajem, jednorazowy;2008;2;zł
6280000000;bilet normalny na przejazd tramwajem, jednorazowy;2009;2;zł
6280000000;bilet normalny na przejazd tramwajem, jednorazowy;2010;2;zł
6280000000;bilet normalny na przejazd tramwajem, jednorazowy;2011;2,13;zł
6280000000;bilet normalny na przejazd tramwajem, jednorazowy;2012;2,4;zł
6280000000;bilet normalny na przejazd tramwajem, jednorazowy;2013;2,65;zł
6280000000;bilet normalny na przejazd tramwajem, jednorazowy;2014;2,8;zł
6280000000;bilet normalny na przejazd tramwajem, jednorazowy;2015;2,8;zł
6280000000;bilet normalny na przejazd autobusem miejskim, jednorazowy;1999;1,08;zł
6280000000;bilet normalny na przejazd autobusem miejskim, jednorazowy;2000;1,3;zł
6280000000;bilet normalny na przejazd autobusem miejskim, jednorazowy;2001;1,51;zł
6280000000;bilet normalny na przejazd autobusem miejskim, jednorazowy;2002;1,6;zł
6280000000;bilet normalny na przejazd autobusem miejskim, jednorazowy;2003;1,64;zł
6280000000;bilet normalny na przejazd autobusem miejskim, jednorazowy;2004;1,69;zł
6280000000;bilet normalny na przejazd autobusem miejskim, jednorazowy;2005;1,75;zł
6280000000;bilet normalny na przejazd autobusem miejskim, jednorazowy;2006;1,81;zł
6280000000;bilet normalny na przejazd autobusem miejskim, jednorazowy;2007;1,83;zł
6280000000;bilet normalny na przejazd autobusem miejskim, jednorazowy;2008;1,99;zł
6280000000;bilet normalny na przejazd autobusem miejskim, jednorazowy;2009;2,07;zł
6280000000;bilet normalny na przejazd autobusem miejskim, jednorazowy;2010;2,09;zł
6280000000;bilet normalny na przejazd autobusem miejskim, jednorazowy;2011;2,18;zł
6280000000;bilet normalny na przejazd autobusem miejskim, jednorazowy;2012;2,45;zł
6280000000;bilet normalny na przejazd autobusem miejskim, jednorazowy;2013;2,59;zł
6280000000;bilet normalny na przejazd autobusem miejskim, jednorazowy;2014;2,69;zł
6280000000;bilet normalny na przejazd autobusem miejskim, jednorazowy;2015;2,53;zł
6280000000;przejazd taksówką osobową, taryfa dzienna - za 5km;1999;9,29;zł
6280000000;przejazd taksówką osobową, taryfa dzienna - za 5km;2000;10,17;zł
6280000000;przejazd taksówką osobową, taryfa dzienna - za 5km;2001;10,66;zł
6280000000;przejazd taksówką osobową, taryfa dzienna - za 5km;2002;10,69;zł
6280000000;przejazd taksówką osobową, taryfa dzienna - za 5km;2003;10,97;zł
6280000000;przejazd taksówką osobową, taryfa dzienna - za 5km;2004;11,21;zł
6280000000;przejazd taksówką osobową, taryfa dzienna - za 5km;2005;11,47;zł
6280000000;przejazd taksówką osobową, taryfa dzienna - za 5km;2006;11,05;zł
6280000000;przejazd taksówką osobową, taryfa dzienna - za 5km;2007;11,34;zł
6280000000;przejazd taksówką osobową, taryfa dzienna - za 5km;2008;12,17;zł
6280000000;przejazd taksówką osobową, taryfa dzienna - za 5km;2009;12,07;zł
6280000000;przejazd taksówką osobową, taryfa dzienna - za 5km;2010;12,42;zł
6280000000;przejazd taksówką osobową, taryfa dzienna - za 5km;2011;12,68;zł
6280000000;przejazd taksówką osobową, taryfa dzienna - za 5km;2012;13,18;zł
6280000000;przejazd taksówką osobową, taryfa dzienna - za 5km;2013;13,27;zł
6280000000;przejazd taksówką osobową, taryfa dzienna - za 5km;2014;13,6;zł
6280000000;przejazd taksówką osobową, taryfa dzienna - za 5km;2015;13,73;zł
